Tesla,Ford,Tesla_Log_Return,Ford_Log_Return,Tesla_MA_5,Tesla_MA_50,Tesla_Volatility,polarity,date,Tesla_Bollinger_Upper_5,Tesla_Bollinger_Lower_5,Tesla_Bollinger_Upper_50,Tesla_Bollinger_Lower_50,Tesla_RSI_5,Tesla_RSI_50,Tesla_MACD,Tesla_Log_Return_Lag1,Tesla_Log_Return_Lag5,Tesla_Direction,Tesla_MA_100,Tesla_MA_200
162.5,11.751986503601074,-0.042056898779332184,-0.023722991339237692,172.5259979248047,198.7104000854492,0.029040383653536082,0.685,2024-03-14,185.5780898222924,159.47390602731699,237.7696766148255,159.65112355607292,11.565953379736683,31.218160699608617,-8.004072061799775,-0.04646099727496628,0.01188110874296599,0,,
163.57000732421875,11.73253059387207,0.006563076277915342,-0.001656914136184411,170.1720001220703,197.21280029296875,0.029325797520872426,0.7505,2024-03-15,184.83289215471981,155.5111080894208,235.7920620948201,158.6335384911174,18.646838661845422,31.58024410910207,-8.656999557610959,-0.042056898779332184,-0.018701625030085045,1,,
173.8000030517578,11.849271774291992,0.060664152342604714,0.009901035746027352,169.37799987792968,195.93020050048827,0.03311105401617401,0.478,2024-03-18,182.30944648853736,156.446553267322,233.22704543149092,158.63335556948562,42.52916799709641,34.943890254213585,-8.253829138085479,0.006563076277915342,0.013763678693560029,1,,
171.32000732421875,11.96601390838623,-0.014372034891457558,0.009804045246063627,168.13400268554688,194.60680053710936,0.03127923538911632,0.361,2024-03-19,177.96446162171085,158.3035437493829,230.55607796293722,158.6575231112815,39.208904104149475,34.61234364460171,-8.04172856386677,0.060664152342604714,-0.0012947061441473569,0,,
175.66000366210938,12.549721717834473,0.025017133837829976,0.04762803416161167,169.37000427246093,193.31100067138672,0.0319070912540098,0.371,2024-03-20,181.36285283781288,157.37715570710898,227.12287130294231,159.49913003983113,62.31077726840828,35.029346672933116,-7.437698735870924,-0.014372034891457558,-0.04646099727496628,1,,
172.82000732421875,12.569178581237793,-0.016299696542812377,0.0015491814580236496,171.4340057373047,192.06820068359374,0.03193657134779299,0.9935,2024-03-21,180.77389164830944,162.09411982629993,224.15575349913723,159.98064786805026,74.61834811893124,35.46364793846797,-7.106248308003671,0.025017133837829976,-0.042056898779332184,0,,
170.8300018310547,12.559450149536133,-0.01158171211632812,-0.0007742907336430136,172.88600463867186,190.80600067138673,0.031633424732096925,0.8645,2024-03-22,176.78655773541018,168.98545154193354,221.0848289643285,160.52717237844496,66.59048891610243,35.303432854330126,-6.924328914593616,-0.016299696542812377,0.006563076277915342,0,,
172.6300048828125,12.549721717834473,0.010481683435756076,-0.0007748907243805925,172.65200500488282,189.7142007446289,0.03146127651611081,0.586,2024-03-25,176.41640111757928,168.88760889218636,218.53550410016075,160.89289738909704,45.6505634408407,36.98937172544102,-6.559299757057033,-0.01158171211632812,0.060664152342604714,1,,
177.6699981689453,12.102210998535156,0.0287772826285837,-0.036310328392428856,173.92200317382813,188.88980072021485,0.033033304725964,0.792,2024-03-26,179.35451998659047,168.4894863610658,216.64313260507728,161.13646883535242,69.83133361480932,40.01937016447866,-5.796507650611119,0.010481683435756076,-0.014372034891457558,1,,
179.8300018310547,12.705376625061035,0.012084083617363902,0.04863709711678016,174.7560028076172,188.08820068359375,0.028784390599001026,0.9915,2024-03-27,182.36640781731734,167.14559779791705,214.46572646169113,161.71067490549638,65.07591329301836,40.348679939108884,-4.960513455699072,0.0287772826285837,0.025017133837829976,1,,
175.7899932861328,12.919402122497559,-0.02272190773999231,0.01670496175666388,175.35,187.29300048828125,0.025685629629641184,0.8185,2024-03-28,182.66267111846264,168.03732888153735,212.66968592982016,161.91631504674234,59.880183592603906,40.4109568876664,-4.571282064913305,0.012084083617363902,-0.016299696542812377,0,,
175.22000122070312,12.929131507873535,-0.0032477284143495326,0.0007527998279964474,176.22799987792968,186.55980041503906,0.02592695341635092,0.387,2024-04-01,181.63237368013142,170.82362607572793,211.14296275928513,161.976638070793,66.12784420564049,41.02438462369549,-4.259703766070828,-0.02272190773999231,-0.01158171211632812,0,,
166.6300048828125,12.919402122497559,-0.05026651935105258,-0.0007527998279965122,175.0279998779297,185.64860046386718,0.02401924767265284,-0.177,2024-04-02,185.08698571822845,164.96901403763093,209.7264345320393,161.57076639569507,35.294113247176,39.280000574448536,-4.65228795471748,-0.0032477284143495326,0.010481683435756076,0,,
168.3800048828125,13.279356002807617,0.010447544054431742,0.02748042717270784,173.1700012207031,184.8402005004883,0.02413489829123727,0.382,2024-04-03,184.17627595693543,162.1637264844708,208.45510771008298,161.2252932908936,22.85215384354703,40.41544198711318,-4.767249493346981,-0.05026651935105258,0.0287772826285837,1,,
171.11000061035156,12.851304054260254,0.016083269202606634,-0.03276536009393526,171.4260009765625,184.07960052490233,0.023181276595599685,0.165,2024-04-04,179.53885458650635,163.31314736661867,206.93762661081826,161.2215744389864,25.339352847560505,41.08323592513555,-4.585214008385833,0.010447544054431742,0.012084083617363902,1,,
164.89999389648438,12.919402122497559,-0.03696743555877544,0.005284932921227392,169.2480010986328,183.22100036621094,0.025355385815480896,0.0,2024-04-05,177.35011908631424,161.1458831109514,205.65896137485473,160.78303935756716,22.569258407135422,40.160438658516426,-4.885725614056582,0.016083269202606634,-0.02272190773999231,0,,
172.97999572753906,13.045873641967773,0.04783676362708771,0.00974166581517345,168.8,183.02800018310546,0.030082674852049116,0.878,2024-04-08,175.3500984280091,162.24990157199093,205.65194830581854,160.4040520603924,45.906422801181215,47.59985860781833,-4.4209328443520235,-0.03696743555877544,-0.0032477284143495326,1,,
176.8800048828125,13.172343254089355,0.022295607975213145,0.009647535799313005,170.85,182.90060028076172,0.03071088490999708,0.8049999999999999,2024-04-09,179.93123832493472,161.76876167506526,205.59108939074034,160.2101111707831,72.60695617290682,48.44109582452492,-3.695286122432293,0.04783676362708771,-0.05026651935105258,1,,
171.75999450683594,12.705376625061035,-0.02937344256551801,-0.03609416337115034,171.5259979248047,182.51720031738282,0.03067354779494998,0.785,2024-04-10,180.18112574974776,162.87087009986163,205.30155998118101,159.73284065358462,56.48998950519731,45.2490721637321,-3.4930818418331455,0.022295607975213145,0.010447544054431742,0,,
174.60000610351562,12.685919761657715,0.016399556773736196,-0.001532561938961618,172.2239990234375,182.1774005126953,0.030944493590746497,0.89,2024-04-11,181.26566272625183,163.18233532062317,204.91620030515855,159.43860072023205,56.67304053230045,45.83435841721063,-3.068298852547855,-0.02937344256551801,0.016083269202606634,1,,
171.0500030517578,12.267595291137695,-0.020541749097701737,-0.033531441516288014,173.4540008544922,181.8526007080078,0.030797055009856078,0.758,2024-04-12,178.13634806873048,168.7716536402539,204.756668735863,158.9485326801526,63.09067630305247,46.0035471155354,-2.983716425156331,0.016399556773736196,-0.03696743555877544,0,,
161.47999572753906,11.897913932800293,-0.05757465973833702,-0.030598171737316375,171.15400085449218,181.30500061035156,0.035352641918935855,0.1515,2024-04-15,182.92797611158386,159.3800255974005,204.8261611340991,157.78384008660402,26.981623512911924,43.51737903232799,-3.6468650628908676,-0.020541749097701737,0.04783676362708771,0,,
157.11000061035156,11.76171588897705,-0.02743506868222295,-0.011513244232574086,167.2,180.6890005493164,0.032989904586696615,0.48,2024-04-16,182.19675632572134,152.20324367427864,205.10052394504797,156.27747715358484,11.159169083388448,42.82385936490888,-4.473469844676288,-0.05757465973833702,0.022295607975213145,0,,
155.4499969482422,11.713072776794434,-0.01062208397137564,-0.004144291349859011,163.93800048828126,180.1768005371094,0.03250023109926191,0.944,2024-04-17,180.93707452290857,146.93892645365395,205.60987001728665,154.74373105693212,12.915001894336285,43.885202577664344,-5.202536904936522,-0.02743506868222295,-0.02937344256551801,0,,
149.92999267578125,11.73253059387207,-0.036155647217109545,0.0016598268969450056,159.00399780273438,179.47340026855468,0.032399046739726475,0.911,2024-04-18,174.80882379562635,143.1991718098424,206.26007891002786,152.6867216270815,0.0,41.661528309681934,-6.15479734248845,-0.01062208397137564,0.016399556773736196,0,,
147.0500030517578,11.810358047485352,-0.01939578390268632,0.00661157076378955,154.20399780273436,178.66280029296874,0.0314296216475472,0.227,2024-04-19,165.70983426569822,142.6981613397705,206.86383002090903,150.46177056502844,0.0,40.408918716866715,-7.060472956247679,-0.036155647217109545,-0.020541749097701737,0,,
142.0500030517578,12.530263900756836,-0.0345935559693179,0.0591698831347982,150.31799926757813,177.71260040283204,0.024107448594176968,0.5820000000000001,2024-04-22,162.6329816971754,138.00301683798085,207.56804187731225,147.85715892835182,0.0,38.91559308945239,-8.08844703590239,-0.01939578390268632,-0.05757465973833702,0,,
144.67999267578125,12.588634490966797,0.018345226676437152,0.004647552162953097,147.83199768066407,176.73480010986327,0.02336372268494425,0.911,2024-04-23,158.14769488829393,137.51630047303422,207.65391330882449,145.81568691090206,14.867108703208999,38.51969912104855,-8.5918640566681,-0.0345935559693179,-0.02743506868222295,1,,
162.1300048828125,12.598362922668457,0.11387415621830609,0.0007724963818180837,149.16799926757812,176.2148001098633,0.04798419844853764,0.296,2024-04-24,164.7849197319394,133.55107880321685,207.2260896593968,145.2035105603298,59.97611826018791,44.2206819173133,-7.496342354921779,0.018345226676437152,-0.01062208397137564,1,,
170.17999267578125,12.685919761657715,0.04845814470471284,0.006925819495733791,153.21799926757814,175.93799987792968,0.050628027288075916,0.9915,2024-04-25,177.7699632994517,128.66603523570458,206.91197545125544,144.96402430460392,78.11720587300579,46.97657934752949,-5.910434960041272,0.11387415621830609,-0.036155647217109545,1,,
168.2899932861328,12.442708969116211,-0.011168015552988686,-0.0193578718447565,157.46599731445312,175.529599609375,0.05034417010359397,0.802,2024-04-26,183.95547309575386,130.97652153315238,206.354345898946,144.704853319804,80.32552384023145,45.48389687629502,-4.751328719237421,0.04845814470471284,-0.01939578390268632,0,,
194.0500030517578,12.403794288635254,0.14242723171122051,-0.003132409570591437,167.86599731445312,175.40159973144532,0.06362399621780274,0.6265000000000001,2024-04-29,203.38541346742227,132.34658116148398,205.85488412045632,144.9483153424343,96.61168979740114,48.667223465154166,-1.7341212989083772,-0.011168015552988686,-0.0345935559693179,1,,
183.27999877929688,11.820085525512695,-0.05710084205665045,-0.04820216921151185,175.58599853515625,175.0681997680664,0.06661836519913379,0.9755,2024-04-30,201.34716038129991,149.82483668901259,204.78051918421644,145.35588035191634,80.19399092207277,46.67092793741393,-0.20959592524107507,0.14242723171122051,0.018345226676437152,0,,
179.99000549316406,11.868728637695312,-0.018113707174260838,0.004106848085866482,179.15799865722656,174.79279998779296,0.06698471603401496,0.898,2024-05-01,200.0905820481299,158.2254152663232,204.04974378093598,145.53585619464994,67.94614407352677,47.21784716376593,0.7247717370032376,-0.05710084205665045,0.11387415621830609,0,,
180.00999450683594,12.150854110717773,0.00011105007606901516,0.023492368795630318,181.1239990234375,174.49759979248046,0.0648765062511077,0.985,2024-05-02,199.53509800590726,162.71290004096775,203.22487557666585,145.77032400829506,61.7781006919293,47.00584041144745,1.450161231453336,-0.018113707174260838,0.04845814470471284,1,,
181.19000244140625,12.092483520507812,0.006533843535574036,-0.004815401566376874,183.7040008544922,174.1731997680664,0.0637108876310126,0.997,2024-05-03,195.5774658789526,171.83053583003178,202.20225002551888,146.14414951061394,65.72404657687218,46.69006613179328,2.0960919671112777,0.00011105007606901516,-0.011168015552988686,1,,
184.75999450683594,12.16058349609375,0.019511437908750914,0.00561579733504706,181.84599914550782,174.02899963378906,0.06070310604080535,0.462,2024-05-06,186.06425483502045,177.6277434559952,201.75690970400788,146.30108956357023,25.331876872910314,48.517374780507836,2.8630616601868155,0.006533843535574036,0.14242723171122051,1,,
177.80999755859375,11.983344078063965,-0.03834210509362018,-0.014682168124818361,180.7519989013672,173.59719970703125,0.0640801620490935,0.975,2024-05-07,185.85517950282278,175.6488182999116,200.36839843779262,146.82600097626988,31.778784866025404,45.55157309448125,2.8769206470935274,0.019511437908750914,-0.05710084205665045,0,,
174.72000122070312,11.96364974975586,-0.017530851194269642,-0.0016448271453100083,179.697998046875,173.09699981689454,0.05576597458075795,0.97,2024-05-08,187.20081253945796,172.19518355429204,198.78804789973807,147.405951734051,32.207931901004244,44.904862140267824,2.6084979728770747,-0.03834210509362018,-0.018113707174260838,0,,
171.97000122070312,11.943957328796387,-0.015864649448707812,-0.0016473773680734363,178.08999938964843,172.49559997558595,0.05420172170108233,0.975,2024-05-09,188.23832536274344,167.9416734165534,196.79115440803747,148.20004554313442,27.080968176626214,43.88498173904015,2.1490956158940833,-0.017530851194269642,0.00011105007606901516,0,,
168.47000122070312,11.80610466003418,-0.020562350450525728,-0.011608745858707267,175.5459991455078,171.82739990234376,0.054517437957607745,0.612,2024-05-10,187.93806030154076,163.15393798947485,194.61531954509874,149.03948025958877,17.975804121873708,43.296817800976086,1.4854715969940742,-0.015864649448707812,0.006533843535574036,0,,
171.88999938964844,12.140890121459961,0.020097034145307512,0.027962362549785978,172.9720001220703,171.21239990234375,0.024489049046297846,0.493,2024-05-13,179.96517168637803,165.9788285577626,192.19435537954294,150.23044442514455,17.351596406015574,43.89566108104696,1.2214301643587362,-0.020562350450525728,0.019511437908750914,1,,
177.5500030517578,12.249201774597168,0.03239754278801776,0.008881669294483476,172.9200012207031,171.00059997558594,0.022499519662333985,0.44,2024-05-14,179.73489819186454,166.10510424954168,191.49320433693276,150.50799561423912,49.294260226164766,47.821257651054644,1.4521509276262634,0.020097034145307512,-0.03834210509362018,1,,
173.99000549316406,12.121196746826172,-0.020254418706909572,-0.010505056356418465,172.7740020751953,170.86559997558595,0.022666993407319553,0.665,2024-05-15,179.42540426707822,166.1225998833124,191.18452246432938,150.54667748684253,48.06777196631596,48.58898802836875,1.332377920638919,0.03239754278801776,-0.017530851194269642,0,,
174.83999633789062,12.190122604370117,0.004873391179277019,0.0056702839713627185,173.3480010986328,170.8316000366211,0.0227983793422294,0.817,2024-05-16,180.14621348448208,166.54978871278354,191.11742955989155,150.54577051335065,58.44613527611329,49.63958682482822,1.2911604136539268,-0.020254418706909572,-0.015864649448707812,1,,
177.4600067138672,12.091656684875488,0.01487402019069651,-0.008110316633370867,175.14600219726563,170.80780029296875,0.023328792041309183,0.758,2024-05-17,179.95904273941022,170.33296165512104,191.05895283133506,150.55664775460244,77.90194026245874,49.74825744128175,1.4531570930039663,0.004873391179277019,-0.020562350450525728,1,,
174.9499969482422,11.96364974975586,-0.014245067870223688,-0.01064281959906229,175.75800170898438,170.8000003051758,0.02227588370912263,0.0,2024-05-20,179.03359417799533,172.48240923997344,191.04432708824265,150.55567352210892,60.06577335897878,49.91721517001321,1.363288674233985,0.01487402019069651,0.020097034145307512,0,,
186.60000610351562,11.96364974975586,0.06446711975223302,0.0,177.56800231933593,170.97660034179688,0.02831696725470833,0.883,2024-05-21,187.9932977805787,167.14270685809316,191.61923750087576,150.333963182718,71.354401822124,51.803734235407724,2.20668835084075,-0.014245067870223688,0.03239754278801776,1,,
180.11000061035156,11.845490455627441,-0.035399542384592614,-0.009925622107762315,178.79200134277343,171.02800048828124,0.03037353151891418,0.821,2024-05-22,188.53138589369655,169.0526167918503,191.7499892403841,150.30601173617836,62.68654355898857,50.511892408134834,2.324602891737925,0.06446711975223302,-0.020254418706909572,0,,
173.74000549316406,11.924263954162598,-0.036007818288810785,0.006628069063067932,178.57200317382814,171.11320068359376,0.03236882279445849,0.972,2024-05-23,188.79540446522404,168.34860188243223,191.8442396571559,150.38216171003162,48.1444167766201,50.85425710010337,1.882347119369058,-0.035399542384592614,0.004873391179277019,0,,
179.24000549316406,11.97349739074707,0.03116576011599187,0.004120344623738506,178.9280029296875,171.44800079345703,0.03266775944459475,0.972,2024-05-24,189.08152181752772,168.77448404184727,192.15195662572435,150.7440449611897,52.73677384723953,53.37690700210634,1.9531456211385319,-0.036007818288810785,0.01487402019069651,1,,
176.75,11.500859260559082,-0.013989415788236143,-0.04027390568441406,179.28800354003906,171.71160064697267,0.03283413010613818,0.967,2024-05-28,188.84651329741092,169.7294937826672,192.34164226924807,151.08155902469727,52.76923416408402,52.643611827420955,1.7877235461911027,0.03116576011599187,-0.014245067870223688,0,,
176.19000244140625,11.382699966430664,-0.0031733327174769638,-0.01032709493171699,177.20600280761718,171.75940063476563,0.031153768846287642,0.6645,2024-05-29,182.28770555882068,172.1243000564137,192.42024495530944,151.0985563142218,25.688926012346712,50.498726906047686,1.5930742685958705,-0.013989415788236143,0.06446711975223302,0,,
178.7899932861328,11.589479446411133,0.014648923152829736,0.018003086358921182,176.94200134277344,171.90880035400392,0.030679738970872145,0.832,2024-05-30,181.36365732013454,172.52034536541234,192.6644902671782,151.15311044082964,46.232853447600135,51.557999654635715,1.629823257881526,-0.0031733327174769638,-0.035399542384592614,1,,
178.0800018310547,11.943957328796387,-0.003978997402597566,0.030127745310092678,177.81000061035155,171.9572003173828,0.030738403950752776,0.9245,2024-05-31,180.42269952717396,175.19730169352914,192.7598271232455,151.15457351152014,68.29680311248804,50.512494271491775,1.5834042216417572,0.014648923152829736,-0.036007818288810785,0,,
176.2899932861328,12.003036499023438,-0.010102569596006488,0.0049341717389519285,177.21999816894532,172.0266000366211,0.03057560756697103,0.96,2024-06-03,179.53326199446315,174.9067343434275,192.86409870691267,151.1891013663295,31.901752047300405,50.738137729491214,1.3861988338630908,-0.003978997402597566,0.03116576011599187,0,,
174.77000427246094,11.845490455627441,-0.008659479988969872,-0.013212416478640803,176.8239990234375,172.10540008544922,0.03035007674444977,0.296,2024-06-04,180.04093618854245,173.60706185833254,192.95422522706085,151.2565749438376,36.21168554894622,50.839799248521935,1.0946433656083627,-0.010102569596006488,-0.013989415788236143,0,,
175.0,11.88487720489502,0.0013151256990527008,0.0033195259339201147,176.58599853515625,172.15279998779297,0.02034165369647495,0.979,2024-06-05,180.19022998355084,172.98176708676166,193.0172637828116,151.28833619277435,41.313819834268905,50.50856079521464,0.8720893859463104,-0.008659479988969872,-0.0031733327174769638,1,,
177.94000244140625,11.88487720489502,0.016660454613497404,0.0,176.41600036621094,172.1582000732422,0.01869557536071121,0.9935,2024-06-06,179.54996289983842,173.28203783258346,193.02863113228366,151.28776901420073,44.08906564686558,50.05846525709944,0.922315501070301,0.0013151256990527008,0.014648923152829736,1,,
177.47999572753906,11.96364974975586,-0.0025885260992180074,0.00660609617384215,176.2959991455078,172.11119995117187,0.01424075065059328,0.97,2024-06-07,179.1443153061991,173.4476829848165,192.92161129846053,151.3007886038832,45.6771909766501,49.48736837872736,0.9144600357328159,0.016660454613497404,-0.003978997402597566,0,,
173.7899932861328,12.190122604370117,-0.02101026729322036,0.01875313623243321,175.7959991455078,172.07119995117188,0.011763088017324312,0.932,2024-06-10,179.42131764849898,172.17068064251663,192.86042749342013,151.28197240892362,35.85972264895449,49.563051677593265,0.6035251027695381,-0.0025885260992180074,-0.010102569596006488,0,,
170.66000366210938,11.924263954162598,-0.01817434057762428,-0.022050689277127694,174.9739990234375,171.98,0.012258054975724809,0.95,2024-06-11,180.89770541139114,169.05029263548386,192.75284811629558,151.2071518837044,30.334919566445848,49.01477890977271,0.10335155163380705,-0.02101026729322036,-0.008659479988969872,0,,
177.2899932861328,11.894723892211914,0.03811347747393242,-0.0024803805506866962,175.43199768066407,172.1931997680664,0.017993746538996287,0.6415,2024-06-12,181.70930895975735,169.15468640157079,192.960743725823,151.4256558103098,56.795235995186005,52.32284234537942,0.23918795249929303,-0.01817434057762428,0.0013151256990527008,1,,
182.47000122070312,11.756871223449707,0.028799010597446485,-0.011657076752895838,176.33799743652344,172.47499969482422,0.0196952626344971,0.979,2024-06-13,185.20049511247475,167.47549976057212,193.41303253984637,151.53696684980207,61.864849786025225,53.025032301011365,0.7561067006360247,0.03811347747393242,0.016660454613497404,1,,
178.00999450683594,11.530399322509766,-0.024746085007725318,-0.019450887614626648,176.44399719238282,172.6129995727539,0.02141951525362874,0.9415,2024-06-14,185.38710064820185,167.5008937365638,193.60519576054747,151.6208033849603,51.14768051830988,51.470461414752734,0.7966994098860596,0.028799010597446485,-0.0025885260992180074,0,,
187.44000244140625,11.668251991271973,0.051619109593938894,0.011884681526064865,179.1739990234375,173.06379974365234,0.026490099813136214,0.40349999999999997,2024-06-17,191.68730970190435,166.66068834497062,194.34601269142223,151.78158679588245,73.67327139842585,54.738480911503395,1.5716749642227796,-0.024746085007725318,-0.02101026729322036,1,,
184.86000061035156,11.599325180053711,-0.013860022086213656,-0.005924726269109646,182.01399841308594,173.30139984130858,0.02686121908191799,0.975,2024-06-18,190.73738413787697,173.2906126882949,194.8434703913539,151.75932929126327,75.1060641786076,52.556598844288395,1.9551266061492072,0.051619109593938894,-0.01817434057762428,0,,
181.57000732421875,11.756871223449707,-0.017957490517488177,0.013490932357671426,182.87000122070313,173.39519989013672,0.027876056609835838,0.951,2024-06-20,189.96328382594027,175.776718615466,195.04146247388985,151.7489373063836,58.580615478176696,51.01195404545226,1.9708214297772884,-0.013860022086213656,0.03811347747393242,0,,
183.00999450683594,11.658405303955078,0.007899471520701,-0.008410449460179189,182.97799987792968,173.62019989013672,0.027558833988472038,0.9875,2024-06-21,190.05726097553782,175.89873878032154,195.43034077426827,151.81005900600516,51.27356925439933,52.466564481953206,2.075529212945071,-0.017957490517488177,0.028799010597446485,1,,
182.5800018310547,12.042423248291016,-0.002352322975825913,0.03240828091431999,183.89200134277343,173.7797998046875,0.02755379417310357,0.6234999999999999,2024-06-24,188.5197728774892,179.26422980805765,195.7355101956279,151.82408941374712,63.30813008997096,51.76830278949015,2.099611060801152,0.007899471520701,-0.024746085007725318,0,,
187.35000610351562,11.904570579528809,0.025790114652126835,-0.011513277408551554,183.8740020751953,174.10579986572264,0.027023445050673778,0.422,2024-06-25,188.43296408850216,179.31504006188845,196.37784115965576,151.83375857178953,49.64030180983444,53.592525169842,2.4750645751775266,-0.002352322975825913,0.051619109593938894,1,,
196.3699951171875,11.924263954162598,0.047022052078927956,0.0016529032579933088,186.1760009765625,174.80359985351564,0.027985027702027408,0.942,2024-06-26,198.40162116220066,173.95038079092436,197.6401513919362,151.96704831509507,80.36943244451065,57.708454514457756,3.4605607305496733,0.025790114652126835,-0.013860022086213656,1,,
197.4199981689453,12.042423248291016,0.005332819818052439,0.009860374150558243,189.34599914550782,175.6097998046875,0.026743233757945295,0.6405000000000001,2024-06-27,203.6440284609338,175.04796983008183,198.74103878624044,152.47856082313456,97.4267307701088,59.03852299219851,4.276997440676041,0.047022052078927956,-0.017957490517488177,1,,
197.8800048828125,12.347668647766113,0.0023273813203096337,0.02503158569515035,192.32000122070312,176.4583999633789,0.02606008227503973,0.6655,2024-06-28,206.20864765336634,178.4313547880399,199.68391799782114,153.23288192893665,97.2664158132704,59.56535800920068,4.904610812500351,0.005332819818052439,0.007899471520701,1,,
209.86000061035156,12.564294815063477,0.05877983360300819,0.017391774671250238,197.7760009765625,177.65700012207031,0.02769440367896407,0.396,2024-07-01,213.80219277406565,181.74980917905935,201.4726712500858,153.84132899405483,100.0,63.12815333050463,6.296106864844404,0.0023273813203096337,-0.002352322975825913,1,,
231.25999450683594,12.672607421875,0.09710195030947986,0.008583721633955503,206.55799865722656,179.3411999511719,0.036458353141335054,0.71,2024-07-02,236.28505469809622,176.8309426163569,206.05616881529681,152.62623108704696,100.0,67.0624479511778,9.021681839308258,0.05877983360300819,0.025790114652126835,1,,
246.38999938964844,12.672607421875,0.06337304899541438,0.0,216.56199951171874,181.4279998779297,0.03643162362840636,0.838,2024-07-03,259.76026986585924,173.36372915757826,212.23996226536931,150.61603749049007,100.0,70.30751483292306,12.261244595260024,0.09710195030947986,0.047022052078927956,1,,
251.52000427246094,12.643068313598633,0.02060688228437311,-0.002333662509411845,227.3820007324219,183.56480010986328,0.032800374248562844,0.9695,2024-07-05,273.60293009299033,181.16107137185344,218.51554779469274,148.61405242503383,100.0,70.59368164904582,15.068865439204359,0.06337304899541438,0.005332819818052439,1,,
252.94000244140625,12.780920028686523,0.005629789876539415,0.010844330493738783,238.3940002441406,185.38100006103517,0.032997454490702655,0.944,2024-07-08,274.6279254658202,202.160075022461,224.92181854136942,145.84018158070091,100.0,68.65677995803503,17.210119624555745,0.02060688228437311,0.0023273813203096337,1,,
262.3299865722656,12.702147483825684,0.0364508858978897,-0.006182363698812772,248.88799743652345,187.22399993896485,0.030660541906197023,0.984,2024-07-09,271.71385466031006,226.06214021273686,232.1028195119467,142.345180365983,100.0,68.82841089579102,19.440672268822027,0.005629789876539415,0.05877983360300819,1,,
263.260009765625,12.968006134033203,0.0035389720904070512,0.020714185061790756,255.28800048828126,189.1234002685547,0.03226854494887548,0.9504999999999999,2024-07-10,269.849175364881,240.7268256116815,238.54075702156524,139.70604351554414,100.0,69.4810302409499,21.040900011021478,0.0364508858978897,0.09710195030947986,1,,
241.02999877929688,13.263405799865723,-0.08822077208547265,0.022523541983709698,254.21600036621095,190.06300018310546,0.04979406218894721,0.6675,2024-07-11,272.39285602555026,236.0391447068716,241.60359383198448,138.52240653422643,43.14578301545508,59.77853602384848,20.281523149037326,0.0035389720904070512,0.06337304899541438,0,,
248.22999572753906,13.814815521240234,0.029434316513726216,0.04073280534481659,253.55799865722656,191.3620001220703,0.04956153292381896,0.5025,2024-07-12,272.44707240402556,234.66892491042756,245.41739268140913,137.30660756273147,46.00436304120131,63.72279797406592,20.02980002911994,-0.08822077208547265,0.02060688228437311,1,,
252.63999938964844,14.011748313903809,0.017609829570940913,0.014154538216937886,253.497998046875,192.815,0.049089985092798355,0.903,2024-07-15,272.39878929957933,234.59720679417072,249.4660496278653,136.1639503721347,49.6603227771537,65.27736830830803,19.956116395061002,0.029434316513726216,0.005629789876539415,1,,
256.55999755859375,14.169295310974121,0.015396997777534727,0.011181178420840345,252.34400024414063,194.34600006103517,0.047611807411908985,0.9835,2024-07-16,269.1354616168699,235.55253887141137,253.65955010599933,135.032450016071,42.54331339057182,65.83771333466136,19.98367332891857,0.017609829570940913,0.0364508858978897,1,,
248.5,14.257913589477539,-0.031919700332288976,0.0062347707705256335,249.39199829101562,195.69220001220702,0.04151577049293846,0.9935,2024-07-17,260.96777780599456,237.8162187760367,256.8147958891832,134.5696041352309,33.89348820790846,63.54053527748712,19.13456658206539,0.015396997777534727,0.0035389720904070512,0,,
249.22999572753906,14.326841354370117,0.002933302220995548,0.004822703474220438,251.03199768066406,196.9816000366211,0.03652749954677075,0.7270000000000001,2024-07-18,258.1491523358446,243.91484302548355,259.85777149680877,134.10542857643344,66.85855185762642,63.11912487541026,18.30948754690357,-0.031919700332288976,-0.08822077208547265,1,,
239.1999969482422,13.765583038330078,-0.04107613843938729,-0.03996330137934238,249.2259979248047,198.20940002441407,0.03805235246657432,0.941,2024-07-19,262.1291270484573,236.32286880115205,261.9491620930736,134.46963795575454,33.3701642554215,62.33771474864825,16.65428911192518,0.002933302220995548,0.029434316513726216,0,,
251.50999450683594,13.903435707092285,0.05018271902171053,0.009964488488477665,248.9999969482422,199.74519989013672,0.04185618261307129,0.8775,2024-07-22,261.6410646784378,236.35892921804663,264.86050985175217,134.62988992852127,48.38800959149095,64.881205170542,16.149682859998848,-0.04107613843938729,0.017609829570940913,1,,
246.3800048828125,13.617883682250977,-0.02060764898795659,-0.02075207721297645,246.96399841308593,201.2333999633789,0.040101539186230994,0.8685,2024-07-23,256.3863597083239,237.54163711784796,267.1539770346685,135.3128228920893,35.96249517113334,64.28818468392288,15.161064169992045,0.05018271902171053,0.015396997777534727,0,,
215.99000549316406,13.46033763885498,-0.13164294360339135,-0.011636497041227056,240.46199951171874,202.18380004882812,0.056042825581526894,0.34,2024-07-24,269.34849947864905,211.5754995447884,267.5442165106467,136.82338358700952,22.256353468569458,58.27067790977311,11.789456251638768,-0.02060764898795659,-0.031919700332288976,0,,
220.25,10.988834381103516,0.01953112906763447,-0.20286770749573174,234.66600036621094,203.15100006103515,0.051607207103598104,0.6795,2024-07-25,266.2588637452545,203.07313698716743,268.1117127845059,138.19028733756434,26.67417488415279,58.39233721905001,9.353358940065277,-0.13164294360339135,0.002933302220995548,1,,
219.8000030517578,11.0183744430542,-0.0020452089625195087,0.0026845821228793925,230.78600158691407,203.99600006103515,0.04993419579655305,0.957,2024-07-26,264.30133859846205,197.27066457536608,268.6961126197468,139.29588750232347,31.53787399150805,57.46703969647892,7.3022475127326345,0.01953112906763447,-0.04107613843938729,0,,
232.10000610351562,10.841135025024414,0.054450283723543685,-0.01621658550377426,226.90400390625,205.1582000732422,0.053599396689615574,0.94,2024-07-29,251.80723683611097,202.00077097638905,269.7458850842897,140.57051506219472,31.52484818908937,59.96228439339939,6.593231708977157,-0.0020452089625195087,0.05018271902171053,1,,
222.6199951171875,10.673742294311523,-0.04170207944562914,-0.015560963325137596,222.152001953125,206.11380004882812,0.053814139907153356,0.836,2024-07-30,234.24751826339855,210.05648564285144,270.2830807453329,141.94451935232337,29.113917259169753,57.955907648450264,5.206358260299481,0.054450283723543685,-0.02060764898795659,0,,
232.07000732421875,10.654048919677734,0.04157282172336867,-0.0018467341538652277,225.36800231933594,207.20600006103516,0.056093805584220086,0.88,2024-07-31,237.8172935924656,212.91871104620628,271.24350370768866,143.16849641438165,72.37060922617088,58.89095120670435,4.81429190807529,-0.04170207944562914,-0.13164294360339135,1,,
216.86000061035156,10.526042938232422,-0.06778709499652093,-0.012087533978939477,224.69000244140625,208.04420013427733,0.05910205437717432,0.9784999999999999,2024-08-01,238.7924341242832,210.5875707585293,271.4524619854056,144.63593828314907,46.385159706279076,56.55232856728171,3.238919821231349,0.04157282172336867,0.01953112906763447,0,,
207.6699981689453,9.876165390014648,-0.043301714320780345,-0.06372814817496601,222.26400146484374,208.46559997558595,0.05921978198414349,0.36,2024-08-02,243.1259195713513,201.4020833583362,271.57150490171847,145.35969504945342,39.09761175279844,53.31967743395002,1.23463756617042,-0.06778709499652093,-0.0020452089625195087,0,,
198.8800048828125,9.561074256896973,-0.04324862022379944,-0.03242422728417825,215.62000122070313,208.84100006103515,0.05517723011643043,0.83,2024-08-05,241.39926109678177,189.8407413446245,271.48000401772276,146.20199610434753,18.13125011344546,52.936024640523385,-1.0509350333115037,-0.043301714320780345,0.054450283723543685,0,,
200.63999938964844,9.630000114440918,0.008810602088580683,0.007183146975245795,211.2240020751953,209.37899993896485,0.05612339421223431,0.9495,2024-08-06,238.48838795915486,183.95961619123574,271.2447884494721,147.51321142845762,25.247757662986345,54.26929846569339,-2.6892509265676097,-0.04324862022379944,-0.04170207944562914,1,190.2461003112793,
191.75999450683594,9.770000457763672,-0.04526769292244102,0.014433275214873396,203.16199951171876,209.62939971923828,0.041991272277256485,0.55,2024-08-07,222.20560648993535,184.11839253350217,271.09735305352143,148.16144638495513,4.0155017871547045,51.96595529263697,-4.650561478299494,0.008810602088580683,0.04157282172336867,0,190.53870025634765,
198.83999633789062,10.130000114440918,0.036255901329012616,0.036184816649120134,199.55799865722656,210.0711996459961,0.04368124962763049,0.94,2024-08-08,210.9052156411972,188.21078167325592,270.8886821672336,149.25371712475862,24.76189662062673,53.41939843303219,-5.569416476999038,-0.04526769292244102,-0.06778709499652093,1,190.8914001464844,
200.0,10.100000381469727,0.00581690373893266,-0.0029658679413268265,198.0239990234375,210.54739959716798,0.04391498942272986,0.982,2024-08-09,205.19228947569147,190.85570857118356,270.65073980542826,150.44405938890773,36.140226460958836,53.67881070368195,-6.1333120786950985,0.036255901329012616,-0.043301714320780345,1,191.1534001159668,
197.49000549316406,9.859999656677246,-0.012629388585244743,-0.024049327821701414,197.74599914550782,210.92139984130858,0.03776383192931959,0.0385,2024-08-12,204.85587758373165,190.636120707284,270.4481112541081,151.3946884285091,46.75081947332565,52.89008605991282,-6.705442814715184,0.00581690373893266,-0.04324862022379944,0,191.41510009765625,
207.8300018310547,10.140000343322754,0.05103246867853809,0.02800189822650467,199.18399963378906,211.51639984130858,0.0419460029597313,0.494,2024-08-13,210.73921564794756,187.62878361963055,270.29325761593464,152.7395420666825,61.99533224649893,54.46495580744988,-6.2524350759280765,-0.012629388585244743,0.008810602088580683,1,191.7368000793457,
201.3800048828125,10.180000305175781,-0.03152675190710158,0.003937009079054587,201.10800170898438,212.01820007324218,0.03881784864516212,0.99,2024-08-14,209.15291837330093,193.06308504466782,269.9904414820996,154.04595866438478,67.46552781626951,53.71362791381524,-6.34079133256796,0.05103246867853809,-0.04526769292244102,0,192.02240005493164,
214.13999938964844,10.460000038146973,0.061436309145650216,0.027133421183364037,204.16800231933593,212.80559997558595,0.040465126458381545,0.99,2024-08-15,217.68065493251896,190.6553497061529,269.77364579341946,155.83755415775244,73.02831053164638,55.63959267927821,-5.319865289987604,-0.03152675190710158,0.036255901329012616,1,192.45550003051758,
216.1199951171875,10.510000228881836,0.00920378250292453,0.004768744382674104,207.39200134277343,213.62799987792968,0.037717327672284716,0.8385,2024-08-16,223.39508918964967,191.38891349589719,269.54597423496773,157.71002552089163,73.67803396382715,55.86088890365857,-4.301420836310598,0.061436309145650216,0.00581690373893266,1,192.89039993286133,
222.72000122070312,10.720000267028809,0.0300815962441386,0.019783973885670394,212.43800048828126,214.52359985351563,0.034504693942360935,0.989,2024-08-19,228.7378882855835,196.13811269097903,269.53563534554166,159.51156436148958,83.08418908097886,56.316650659990216,-2.927979015783933,0.00920378250292453,-0.012629388585244743,1,193.34089996337892,
221.10000610351562,10.680000305175781,-0.007300267158314731,-0.003738318445499735,215.09200134277344,215.39600006103515,0.03500741292662896,-0.273,2024-08-20,231.9521445562745,198.23185812927238,269.3842346117972,161.40776551027312,72.56036978063341,56.132952708864295,-1.9477837068758959,0.0300815962441386,0.05103246867853809,0,193.7536000061035,
223.27000427246094,10.850000381469727,0.00976670507756732,0.015792253038408387,219.47000122070312,216.3856002807617,0.029257890003284805,0.973,2024-08-21,227.67310426308896,211.2668981783173,269.0589569963695,163.71224356515393,93.55353845574676,56.98672894631698,-0.984522186910965,-0.007300267158314731,-0.03152675190710158,1,194.2284001159668,
210.66000366210938,10.920000076293945,-0.05813634375381778,0.006430862158415849,218.7740020751953,217.18560028076172,0.03613352879175856,0.8160000000000001,2024-08-22,229.45463702517105,208.09336712521957,268.2136941752688,166.15750638625462,43.034434902439635,55.500852835315456,-1.2245364614176424,0.00976670507756732,0.061436309145650216,0,194.58280014038087,
220.32000732421875,11.270000457763672,0.044835591431516886,0.031548391366194604,219.61400451660157,218.04620056152345,0.03818697899692005,0.965,2024-08-23,229.90450118700844,209.3235078461947,267.7625358210721,168.32986530197476,56.429901616796066,55.86863614828391,-0.628028418980648,-0.05813634375381778,0.00920378250292453,1,195.11970016479492,
213.2100067138672,11.109999656677246,-0.032803441227522996,-0.014298795920178641,217.71200561523438,218.66100067138672,0.03998679858100963,0.0,2024-08-26,228.62852039565684,206.79549083481191,267.3309178354143,169.99108350735912,35.66476479980716,54.170511484936405,-0.7207013299315008,0.044835591431516886,0.0300815962441386,0,195.56800018310548,
209.2100067138672,11.140000343322754,-0.018939062709292416,0.002696692568656169,215.3340057373047,219.28500091552735,0.03760480062364382,0.954,2024-08-27,227.65071454543477,203.01729692917462,266.6090409897432,171.96096084131148,33.277076836902665,54.23821089779703,-1.1041835099649973,-0.032803441227522996,-0.007300267158314731,0,195.94900024414062,
205.75,11.039999961853027,-0.01667672472989858,-0.009017227924448602,211.8300048828125,219.6512008666992,0.03646849196422742,0.744,2024-08-28,222.74716106679858,200.9128486988264,266.2472115756342,173.0551901577642,26.221500057779608,52.528237041132286,-1.6680611551434197,-0.018939062709292416,0.00976670507756732,0,196.3575003051758,
206.27999877929688,11.109999656677246,0.0025726237078790366,0.006320535355792501,210.95400390625,220.07960083007814,0.030014814758776792,0.983,2024-08-29,222.98650470547986,198.92150310702013,265.7547990523588,174.40440260779746,41.15508248124082,52.97450414124471,-2.048557286149645,-0.01667672472989858,-0.05813634375381778,1,196.69050033569337,
214.11000061035156,11.1899995803833,0.03725544123667223,0.007174912075174854,209.71200256347657,220.73040069580077,0.032561688577798654,0.296,2024-08-30,217.41307612351414,202.010929003439,265.0738755041208,176.38692588748077,36.458777660288774,54.46242376621325,-1.6987058776384742,0.0025726237078790366,0.044835591431516886,1,197.06280029296875,
210.60000610351562,10.979999542236328,-0.016529275820300126,-0.018945090433871735,209.19000244140625,221.28220092773438,0.030923425061551543,0.906,2024-09-03,216.00884622835977,202.37115865445273,264.3789432764901,178.18545857897868,43.24883506695158,53.762240125243004,-1.685246861513889,0.03725544123667223,-0.032803441227522996,0,197.45120040893553,
219.41000366210938,10.949999809265137,0.040981513663141275,-0.0027359555469024764,211.2300018310547,222.01880096435548,0.034221046994552015,0.93,2024-09-04,222.63774778817967,199.82225587392972,263.6496359260087,180.3879660027022,71.12675477658895,54.91001220255583,-0.9527051278359977,-0.016529275820300126,-0.018939062709292416,1,197.8993003845215,
230.1699981689453,10.770000457763672,0.047876016035803666,-0.016574905171913734,216.11400146484374,222.87520080566406,0.03749028805437334,0.977,2024-09-05,234.54122173592614,197.68678119376133,263.3404988986706,182.40990271265753,88.83589078313437,55.61883172631633,0.49042775952631246,0.040981513663141275,-0.01667672472989858,1,198.49050033569335,
210.72999572753906,10.579999923706055,-0.08824048544582774,-0.017799114452881678,217.00400085449218,223.1624008178711,0.04365123152507361,0.9915,2024-09-06,233.3710977660127,200.63690394297166,263.0597181743256,183.26508346141654,54.41906430724631,51.83415934757901,0.06472908325036997,0.047876016035803666,0.0025726237078790366,0,198.98300033569336,
216.27000427246094,10.65999984741211,0.025949973905266994,0.007532985204631916,217.43600158691407,223.5394009399414,0.04186967757285365,0.2355,2024-09-09,233.53296563969081,201.33903753413733,262.79495045154283,184.28385142834,52.24719493532635,52.38035175178369,0.17240482954363756,-0.08824048544582774,0.03725544123667223,1,199.57460037231445,
226.1699981689453,10.319999694824219,0.044759273955983725,-0.032414673941517765,220.55,224.10520080566405,0.04267600056527551,0.4565,2024-09-10,236.0477154180469,205.05228458195313,262.660474155482,185.5499274558461,64.29751417638263,53.48923176801672,1.0445445446833332,0.025949973905266994,-0.016529275820300126,1,200.2818003845215,
228.1300048828125,10.449999809265137,0.008628742512625562,0.012518229676560126,222.29400024414062,224.4706008911133,0.04177397726289095,0.973,2024-09-11,239.06088371406466,205.52711677421658,262.820583165917,186.12061861630957,59.1596639732984,52.31049444735162,1.8722950617002994,0.044759273955983725,0.040981513663141275,1,201.0638005065918,
229.80999755859375,10.619999885559082,0.007337206636805016,0.016137044879132006,222.2220001220703,224.44160095214843,0.04083548272985869,0.98,2024-09-12,238.82204028845123,205.6219599556894,262.7728161446428,186.11038575965406,49.53270953995073,49.80700160882429,2.6334973604317895,0.008628742512625562,0.047876016035803666,1,201.89140045166016,
230.2899932861328,10.6899995803833,0.0020864851607279924,0.0065696807459422555,226.13399963378907,224.11960083007813,0.040846996020526716,0.998,2024-09-13,237.62612656131887,214.64187270625928,261.96568277984994,186.2735188803063,100.0,47.7700822571308,3.238159819350642,0.007337206636805016,-0.08824048544582774,1,202.7738003540039,
226.77999877929688,10.800000190734863,-0.0153589759450266,0.010237466007055464,228.23599853515626,223.62480072021484,0.040477726726524395,0.485,2024-09-16,231.85482359578089,224.61717347453163,260.64663295321185,186.60296848721782,79.97719448663658,46.55796006908362,3.3949965450881905,0.0020864851607279924,0.025949973905266994,0,203.59480041503906,
227.8699951171875,10.899999618530273,0.004794890315022082,0.009216602447065358,228.57599792480468,223.12340057373046,0.03972842806663381,0.988,2024-09-17,231.4714249888799,225.68057086072946,259.1914963476847,187.05530479977625,59.74770461596611,46.50884164092016,3.5661361771634574,-0.0153589759450266,0.044759273955983725,1,204.2522003173828,
227.1999969482422,10.979999542236328,-0.0029445960609886415,0.0073126401528283425,228.38999633789064,222.42080078125,0.03805518208832977,0.9804999999999999,2024-09-18,231.53721476464497,225.2427779111363,256.69567669340256,188.14592486909743,43.7415157383695,44.986157417233606,3.606133058592434,0.004794890315022082,0.008628742512625562,0,204.82240036010742,
243.9199981689453,10.920000076293945,0.07100962175825201,-0.005479417087319271,231.21199645996094,222.0340005493164,0.0415920525915404,0.957,2024-09-19,245.6775110994973,216.74648182042458,254.83244623435814,189.23555486427466,81.39743975422945,47.35878773890465,4.930163384342535,-0.0029445960609886415,0.007337206636805016,1,205.57870040893556,
238.25,10.880000114440918,-0.023519752638904136,-0.003669725357120758,232.8039978027344,221.97840057373048,0.028217332485783557,-0.16849999999999998,2024-09-20,248.46484632338397,217.1431492820848,254.65460686273727,189.3021942847237,64.38902756899142,49.60235738622629,5.459017336802475,0.07100962175825201,0.0020864851607279924,0,206.02070037841796,
250.0,10.90999984741211,0.048140375327935025,0.002753533912658222,237.447998046875,222.01380065917968,0.03021418203313363,0.807,2024-09-23,257.3689019516387,217.5270941421113,254.80970412616713,189.21789719219223,82.33984006746171,50.249922964891,6.748472515091009,-0.023519752638904136,-0.0153589759450266,1,206.687900390625,
254.27000427246094,10.869999885559082,0.016935793509053217,-0.003673095253946852,242.72799987792968,222.04640075683594,0.02834038081011085,0.985,2024-09-24,263.910352651776,221.54564710408334,254.96955645177965,189.12324506189222,83.77687809407269,50.23024620980908,8.022450872919762,0.048140375327935025,0.004794890315022082,1,207.43070037841798,
257.0199890136719,10.420000076293945,0.010757148762662457,-0.04227964695787809,248.69199829101564,222.0556005859375,0.028322647512301978,0.948,2024-09-25,263.9886568199561,233.3953397620752,255.01835383397156,189.09284733790344,86.22449036334538,50.065191540643966,9.148530125526975,0.016935793509053217,-0.0029445960609886415,1,208.20080032348633,
254.22000122070312,10.680000305175781,-0.010953821465680538,0.024645818459463096,250.7519989013672,222.17000061035156,0.029227925256747774,0.991,2024-09-26,265.6031463588318,235.9008514439026,255.54448803774596,188.79551318295717,68.90604352792042,50.82292715725038,9.70316834707043,0.010757148762662457,0.07100962175825201,0,208.9311003112793,
260.4599914550781,10.779999732971191,0.024249227064234113,0.00931967860352949,255.19399719238282,222.39460052490233,0.02939301542900073,0.8745,2024-09-27,262.9299508898624,247.4580434949032,256.6518492347617,188.13735181504296,89.93171121404359,51.59042594135463,10.524913543932684,-0.010953821465680538,-0.023519752638904136,1,209.68810028076172,
261.6300048828125,10.5600004196167,0.004482044837533062,-0.020619222695544802,257.51999816894534,222.84320068359375,0.02795202818780281,0.9775,2024-09-30,264.39300079163434,250.64699554625636,258.5552375766632,187.13116379052428,83.7493269476011,53.258376297771946,11.142123375664795,0.024249227064234113,0.048140375327935025,1,210.5263003540039,
258.0199890136719,10.75,-0.013894251852425751,0.017832436559127432,258.2699951171875,222.97340057373046,0.029252350014296782,0.97,2024-10-01,264.1106473459417,252.4293428884333,259.15638914845306,186.79041199900786,61.315590032884224,50.970221913085425,11.210738093293656,0.004482044837533062,0.016935793509053217,0,211.3593002319336,
249.02000427246094,10.479999542236328,-0.03550382703625727,-0.025437119360516347,256.6699981689453,223.02620056152344,0.03275551561320508,0.748,2024-10-02,266.93221443318515,246.40778190470547,259.35600859502756,186.69639252801932,32.471543552089514,50.38896741252758,10.418790863153646,-0.013894251852425751,0.010757148762662457,0,212.12980026245117,
240.66000366210938,10.449999809265137,-0.03414806745440706,-0.0028666750544756965,253.95799865722657,223.51960052490233,0.02708601570467521,0.7344999999999999,2024-10-03,271.8145328942709,236.10146442018225,260.1283916554715,186.9108093943332,26.109944986644535,53.887120725917015,9.012692091555493,-0.03550382703625727,-0.010953821465680538,0,212.85170028686522,
250.0800018310547,10.569999694824219,0.03839570976808335,0.01141781085158519,251.8820007324219,224.11620056152344,0.02849402601625386,0.988,2024-10-04,268.3158051331154,235.44819633172835,261.47214099918034,186.76026012386654,33.55515619704329,54.62495025361842,8.55979185843512,-0.03414806745440706,0.024249227064234113,1,213.6336003112793,
240.8300018310547,10.489999771118164,-0.03768957599969925,-0.007597370421109483,247.7220001220703,224.53680053710937,0.026885323533452875,0.977,2024-10-07,262.23630329133806,233.20769695280254,262.16694301243456,186.90665806178419,23.763870620556176,53.17395637871682,7.369516269996836,0.03839570976808335,0.004482044837533062,0,214.26640029907227,
244.5,10.489999771118164,0.015124010919583781,0.0,245.01800231933595,224.78480041503906,0.026736223486862613,0.975,2024-10-08,253.87462049325126,236.16138414542064,262.7800637456287,186.78953708444942,32.972298174556016,51.92152651840239,6.645744466093532,-0.03768957599969925,-0.013894251852425751,1,214.97150024414063,
241.0500030517578,10.619999885559082,-0.014210915403026646,0.012316604448656284,243.42400207519532,225.15340057373047,0.02637689963080158,0.989,2024-10-09,251.51501561749083,235.3329885328998,263.41956569636073,186.8872354511002,38.33088924574653,52.91033861523736,5.727738373533555,0.015124010919583781,-0.03550382703625727,0,215.6336003112793,
238.77000427246094,10.680000305175781,-0.009503630132407154,0.0056338570687480384,243.04600219726564,225.2874005126953,0.026353148204948017,0.813,2024-10-10,251.92125368234198,234.1707507121893,263.6990720114513,186.87572901393932,46.63341659441345,51.08253055715298,4.761349214649073,-0.014210915403026646,-0.03414806745440706,0,216.24670028686523,
217.8000030517578,10.720000267028809,-0.09192353886888906,0.0037383184454995756,236.59000244140626,225.30620056152344,0.03544307951076793,0.612,2024-10-11,257.9968645816618,215.18314030115073,263.70195350938235,186.91044761366453,9.262995005653693,50.14910262987375,2.2771257111405134,-0.009503630132407154,0.03839570976808335,0,216.6752003479004,
219.16000366210938,10.920000076293945,0.006224848869363662,0.01848479675132452,232.2560028076172,225.53600067138672,0.03556935483548795,0.973,2024-10-14,257.7543016760821,206.7577039391523,263.63733097252265,187.43467037025079,15.852503802675415,51.86896252276049,0.41333668202489093,-0.09192353886888906,-0.03768957599969925,1,217.00080032348632,
219.57000732421875,10.84000015258789,0.0018690482583788197,-0.007352967215510279,227.27000427246094,225.94980072021485,0.03610268417133407,0.976,2024-10-15,250.4407045722012,204.09930397272066,263.3117411194944,188.5878603209353,6.217085340951115,53.459751511488406,-1.0189004324931545,0.006224848869363662,0.015124010919583781,1,217.395400390625,
221.3300018310547,11.029999732971191,0.007983687088569507,0.017375798968216314,223.3260040283203,226.36360076904296,0.03612972932488957,0.856,2024-10-16,240.7759589107252,205.87604914591543,263.0332776226969,189.69392391538904,13.181474758041631,53.459751511488406,-1.9890137047754308,0.0018690482583788197,-0.014210915403026646,1,217.8713003540039,
220.88999938964844,11.069999694824219,-0.0019899714413276278,0.0036199100966339427,219.7500030517578,226.94620086669923,0.03534091170301686,0.972,2024-10-17,222.57471286600455,216.92529323751106,262.2729304227247,191.61947131067376,14.153963246756746,55.01256328378737,-2.7615070478463792,0.007983687088569507,-0.009503630132407154,0,218.28780029296874,
220.6999969482422,11.100000381469727,-0.0008605378505268966,0.002706423532205922,220.3300018310547,227.38340087890626,0.031517567205572666,0.9644999999999999,2024-10-18,222.17309190430942,218.48691175779996,261.82024333130397,192.94655842650857,84.85566518725011,53.85293371090883,-3.350423599164003,-0.0019899714413276278,-0.09192353886888906,0,218.72730026245117,
218.85000610351562,10.880000114440918,-0.008417707909120813,-0.020018890738666684,220.26800231933595,227.76040100097657,0.030251799552095476,0.647,2024-10-21,222.31721020509616,218.21879443357574,261.37658900460053,194.14421299735258,46.66668854309547,53.31434582990725,-3.921221607335042,-0.0008605378505268966,0.006224848869363662,0,219.15390029907226,
217.97000122070312,11.109999656677246,-0.004029147285192923,0.02091932080313683,219.9480010986328,228.17000091552734,0.02909896310313748,0.148,2024-10-22,222.86019290016534,217.03580929710026,260.76429821800957,195.5757036130451,34.37492549412298,53.621701872863724,-4.393941557581343,-0.008417707909120813,0.0018690482583788197,0,219.54570037841796,
213.64999389648438,11.0600004196167,-0.020018310718538105,-0.00451053871518499,218.41199951171876,228.28640075683595,0.02921710294681868,0.588,2024-10-23,224.28050233678408,212.54349668665344,260.62478162930256,195.94801988436936,0.0,51.05160324561421,-5.058848751785149,-0.004029147285192923,0.007983687088569507,0,219.90140029907226,
260.4800109863281,11.239999771118164,0.19818699146920774,0.0161437900681771,226.3300018310547,229.46840087890624,0.07270120408894093,0.477,2024-10-24,264.8597647137354,187.800238948374,262.1115692863573,196.82523247145517,86.60994549789716,59.31882854836407,-1.7864088796577562,-0.020018310718538105,-0.0019899714413276278,1,220.7433004760742,
269.19000244140625,11.069999694824219,0.032891334056112616,-0.01524010494966828,236.0280029296875,230.5694009399414,0.06365776674369301,0.0,2024-10-25,289.1276187342207,182.92838712515433,264.7782995516853,196.36050232819753,88.73621705458862,58.792526414572244,1.492640582153797,0.19818699146920774,-0.0008605378505268966,1,221.68750045776366,
262.510009765625,11.369999885559082,-0.02512824530239814,0.026739578544556518,244.76000366210937,231.49720123291016,0.06522912529676318,0.6285000000000001,2024-10-28,298.0942621244956,191.42574519972314,266.61092157142855,196.38348089439177,82.37911225641278,57.29976697149672,3.5118093706087734,0.032891334056112616,-0.008417707909120813,0,222.56260055541992,
259.5199890136719,10.40999984741211,-0.01145548515134625,-0.08821142972822141,253.07000122070312,232.23320098876954,0.06573051967338023,0.718,2024-10-29,297.78482835199407,208.35517408941217,268.12996478362896,196.33643719391011,79.87916747133903,55.85725944673748,4.815238425560295,-0.02512824530239814,-0.004029147285192923,0,223.37840042114257,
257.54998779296875,10.470000267028809,-0.007619899978935549,0.005747182417570535,261.85,232.96220062255858,0.06614475256790901,0.0,2024-10-30,270.8002611584904,252.89973884150965,269.41232966854517,196.512071576572,82.67339888386925,55.795094092229874,5.624417919092338,-0.01145548515134625,-0.020018310718538105,0,224.17910034179687,
249.85000610351562,10.289999961853027,-0.03035306639591626,-0.017341504247859924,259.7239990234375,233.4938006591797,0.06755474598234106,0.191,2024-10-31,273.8530739280991,245.59492411877588,270.14173986724177,196.84586145111766,31.05167645478066,54.152866072574184,5.580050972483377,-0.007619899978935549,0.19818699146920774,0,224.93970046997072,
