Tesla,Ford,Tesla_Log_Return,Ford_Log_Return,Tesla_MA_5,Tesla_MA_50,Tesla_Volatility,polarity,date,Tesla_MA_100,Tesla_MA_200,Tesla_Bollinger_Upper_5,Tesla_Bollinger_Lower_5,Tesla_Bollinger_Upper_50,Tesla_Bollinger_Lower_50,Tesla_RSI_5,Tesla_RSI_50,Tesla_MACD,Tesla_Log_Return_Lag1,Tesla_Log_Return_Lag5,Tesla_Direction
248.4199981689453,11.518999099731445,-0.00024148746074577508,-0.0024640632876146407,253.62599487304686,233.46199951171874,0.02333883282339113,0.557,2024-01-02,241.6211993408203,229.56959953308106,264.750092153406,242.50189759268773,266.981892667043,199.9421063563945,40.602206675716126,56.07223963608795,4.446429622135099,-0.018738327073791184,-0.007731210565404946,0
238.4499969482422,11.092720985412598,-0.04096122279932548,-0.03770864166020537,249.9939971923828,233.99119934082032,0.026416672555733847,0.9225000000000001,2024-01-03,241.55229934692383,229.8611994934082,266.70313296832734,233.2848614164383,266.95837611960695,201.02402256203368,17.361657688926087,55.63074331388968,3.133420695209537,-0.00024148746074577508,0.01598774007390915,0
237.92999267578125,11.064301490783691,-0.0021831499656647054,-0.002565282428574396,245.2919952392578,234.50819915771484,0.024897957795339282,0.796,2024-01-04,241.5050993347168,230.1345994567871,258.8264060265399,231.75758445197567,266.878221443959,202.1381768714707,0.0,55.490884821017005,2.027519677220141,-0.04096122279932548,0.018647455510860632,0
237.49000549316406,11.225340843200684,-0.0018509415250833076,0.014449954117226238,242.15399780273438,234.92759918212892,0.022194899018471024,0.34,2024-01-05,241.48239944458007,230.33414947509766,253.66901739630472,230.63897820916404,266.8871346876992,202.96806367655867,0.0,54.531310750933635,1.1028686807266013,-0.0021831499656647054,-0.032104151730159784,0
240.4499969482422,11.33901596069336,0.012386614576639277,0.010075720763672235,240.547998046875,235.48819915771483,0.019893922902966616,0.9684999999999999,2024-01-08,241.55729934692383,230.58064949035645,249.63561981104866,231.46037628270133,266.81333681241415,204.16306150301554,21.218604590112292,56.08686184132397,0.6019833872324796,-0.0018509415250833076,-0.018738327073791184,1
234.9600067138672,11.21586799621582,-0.023096839566935645,-0.010919957597372743,237.8559997558594,236.07219940185547,0.02064912395590171,0.921,2024-01-09,241.65089935302734,230.79434951782227,241.80667774203093,233.90532176968784,266.20110216036306,205.9432966433479,15.27345392359257,56.3733224023522,-0.23525625898497537,0.012386614576639277,-0.00024148746074577508,0
233.94000244140625,11.206395149230957,-0.004350632806278706,-0.000844950171800572,236.9540008544922,236.60499938964844,0.019049444031378343,0.979,2024-01-10,241.79809936523438,231.01199951171876,242.10395704482303,231.80404466416135,265.57713274576605,207.63286603353083,28.37965353842283,55.82779170736556,-0.969900125944406,-0.023096839566935645,-0.04096122279932548,0
227.22000122070312,11.092720985412598,-0.029145966144498332,-0.010195484683150804,234.81200256347657,237.20219940185547,0.017176088459927956,0.22449999999999998,2024-01-11,241.91539932250976,231.1890495300293,244.68010543100579,224.94389969594735,264.0236591788542,210.38073962485674,17.799134202311862,56.62554431471922,-2.070491285744282,-0.004350632806278706,-0.0021831499656647054,0
218.88999938964844,10.855899810791016,-0.03734939877742937,-0.021580432564008184,231.09200134277344,237.56319946289062,0.017856044252226096,-0.013,2024-01-12,241.79149932861327,231.3375495147705,247.66082429945777,214.5231783860891,262.827753864129,212.29864506165222,12.071748700326452,53.92067510682777,-3.5736840352358,-0.029145966144498332,-0.0018509415250833076,0
219.91000366210938,10.855899810791016,0.004649070658851297,0.0,226.98400268554687,237.84819946289062,0.018755907769893627,0.703,2024-01-16,241.6586993408203,231.46769950866698,242.07083865964938,211.89716671144436,261.9380094960597,213.75838942972152,4.517290477178392,53.14722403791573,-4.629305546176852,-0.03734939877742937,0.012386614576639277,1
215.5500030517578,10.675914764404297,-0.020025473044372827,-0.016718445905877163,223.102001953125,237.78899963378908,0.018392566397240132,-0.013,2024-01-17,241.4455993652344,231.5690495300293,237.91357440990882,208.2904294963412,262.0864342297856,213.49156503779255,4.755261967294274,49.32079129463301,-5.751410134250705,0.004649070658851297,-0.023096839566935645,0
211.8800048828125,10.410675048828125,-0.017172815629643214,-0.025158520945663992,218.69000244140625,237.62739959716797,0.015917570313513502,0.318,2024-01-18,241.26399948120118,231.591149520874,230.11475381058878,207.26525107222372,262.5092798319536,212.74551936238234,4.232381801397736,48.164636886607816,-6.857772156797068,-0.020025473044372827,-0.004350632806278706,0
212.19000244140625,10.609604835510254,0.0014620115002590317,0.01892798068628899,215.6840026855469,237.48579956054687,0.01620182277093537,0.0,2024-01-19,240.99999954223634,231.67824951171875,223.08899370591254,208.27901166518123,262.8696080614951,212.1019910595986,7.518381274734068,48.38900458784495,-7.621699609596078,-0.017172815629643214,-0.029145966144498332,1
208.8000030517578,10.609604835510254,-0.016105240597581734,0.0,213.66600341796874,237.2181997680664,0.015887515837206132,0.278,2024-01-22,240.69979949951173,231.75934951782227,222.1266962314009,205.20531060453658,263.52589858094996,210.9105009551828,10.431386910232845,46.96213094248008,-8.40378859532683,0.0014620115002590317,-0.03734939877742937,0
209.13999938964844,10.77064323425293,0.0016270106278732431,0.015064506613918062,211.51200256347656,236.95879974365235,0.014268471580666046,0.84,2024-01-23,240.2193995666504,231.8774494934082,216.97843630889403,206.04556881805908,264.11658089227694,209.80101859502776,5.3852056650978,47.058823122329414,-8.893644490579561,-0.016105240597581734,0.004649070658851297,1
207.8300018310547,10.448565483093262,-0.006283434610725192,-0.030359519371030184,209.96800231933594,236.91579986572265,0.014060084737768192,0.633,2024-01-24,239.7286996459961,231.9912995147705,213.8685017198873,206.06750291878458,264.2541421477687,209.57745758367665,7.206149536314939,49.48729096396081,-9.280583877681607,0.0016270106278732431,-0.020025473044372827,0
182.6300048828125,10.74222469329834,-0.12925817170128795,0.02771751389032273,204.11800231933594,236.2754000854492,0.03921823363352494,0.8140000000000001,2024-01-25,238.97419982910156,231.98189956665038,228.36283157446408,179.8731730642078,267.0293831651094,205.52141700578903,2.1276404458465095,43.04517993905234,-11.48823604432863,-0.006283434610725192,-0.017172815629643214,0
183.25,10.789588928222656,0.003389065826718794,0.00439947253425316,198.3300018310547,235.4661999511719,0.040152382921403586,0.8294999999999999,2024-01-26,238.35659988403322,231.96419960021973,226.44802687154606,170.2119767905633,269.5216232931397,201.41077660920405,3.110796859239329,40.87752225739289,-13.037499686406619,-0.12925817170128795,0.0014620115002590317,1
190.92999267578125,10.941155433654785,0.04105548959785763,0.013949725857391763,194.75599975585936,234.5365997314453,0.04416916268557186,0.796,2024-01-29,237.70099990844727,232.01614959716798,220.67693893534897,168.83506057636976,270.83883762270534,198.23436184018524,24.580339635238758,39.22776961501645,-13.490085748810998,0.003389065826718794,-0.016105240597581734,1
191.58999633789062,11.159029960632324,0.0034508226289791306,0.019717625160354343,191.24599914550782,233.5115997314453,0.04411554779949027,0.907,2024-01-30,237.0976998901367,232.044599609375,211.578699376938,170.91329891407764,271.7019136308787,195.32128583201185,25.260769667907184,37.85372159146798,-13.638292932933211,0.04105548959785763,0.0016270106278732431,1
187.2899932861328,11.102193832397461,-0.022699471099276523,-0.005106300737113519,187.13799743652345,232.58559967041015,0.044165644695290475,0.756,2024-01-31,236.4556997680664,232.05604957580567,195.48432272261718,178.79167215042972,272.95146004719544,192.21973929362485,23.29691483562479,38.76322469906623,-13.942007717409268,0.0034508226289791306,-0.006283434610725192,0
188.86000061035156,11.462162017822266,0.008347821172369478,0.031908619895690944,188.38399658203124,231.67679962158203,0.0446994841527254,0.859,2024-02-01,235.85929977416993,232.06514961242675,195.05796650214765,181.71002666191484,273.8889710322619,189.4646282109022,71.00470316360034,39.017786138839945,-13.895834867788608,-0.022699471099276523,-0.12925817170128795,1
187.91000366210938,11.500053405761719,-0.005042858776994556,0.0033003280941090755,189.3159973144531,230.7229995727539,0.04453690880008545,0.637,2024-02-02,235.00259994506837,232.08314964294433,193.06639676681448,185.56559786209175,274.691940362916,186.7540587825918,65.3694015053456,38.45445945622463,-13.77708569808479,0.008347821172369478,0.003389065826718794,0
181.05999755859375,10.979046821594238,-0.03713468972636411,-0.04636305744402725,187.3419982910156,229.52019958496095,0.045235327216985165,0.296,2024-02-05,234.13839981079101,232.08549964904785,195.09691197667138,179.58708460535985,275.56085588055305,183.47954328936888,15.5618166562315,35.52796126684825,-14.073484007023637,-0.005042858776994556,0.04105548959785763,0
185.10000610351562,11.433743476867676,0.02206779799027196,0.04058031557903714,186.04400024414062,228.5379995727539,0.04647751163963964,0.42100000000000004,2024-02-06,233.2763999938965,232.19604965209962,192.26458970062063,179.8234107876606,276.23582680124025,180.84017234426756,31.677068937589823,38.01200991765409,-13.823043436289396,-0.03713468972636411,0.0034508226289791306,1
187.5800018310547,12.125262260437012,0.013309178288648728,0.05872212884368065,186.102001953125,227.58059967041015,0.047163049239767614,0.498,2024-02-07,232.3917999267578,232.3085496520996,192.38576789475226,179.81823601149776,276.61512685699154,178.5460724838288,50.91254964623457,38.38501639836612,-13.271467336380113,0.02206779799027196,-0.022699471099276523,1
189.55999755859375,12.153681755065918,0.010500153377802503,0.002341082675636708,186.24200134277345,226.65019958496094,0.021944332676490205,0.99,2024-02-08,231.5434997558594,232.44359962463378,192.85553990226055,179.62846278328635,276.77963093609065,176.52076823383123,52.14722950056963,38.78603686165063,-12.530130649224333,0.013309178288648728,0.008347821172369478,1
193.57000732421875,12.011588096618652,0.02093365777497024,-0.011760290449681998,187.3740020751953,225.58719970703126,0.022605925690016383,0.8895,2024-02-09,230.8263998413086,232.60809967041016,196.76810681772366,177.97989733266695,276.2310238914184,174.94337552264415,64.61776607097539,36.76478120558639,-11.486630976853263,0.010500153377802503,-0.005042858776994556,1
188.1300048828125,12.29577350616455,-0.02850600281752684,0.023383727401048583,188.78800354003906,224.46699981689454,0.021094062802597447,0.7484999999999999,2024-02-12,230.04269989013673,232.77999969482423,195.02956507623765,182.54644200384047,275.9073596139169,173.02664001987216,69.69360032370713,36.24846747143257,-10.97213278468783,0.02093365777497024,-0.03713468972636411,0
184.02000427246094,12.011588096618652,-0.022088768605910858,-0.023383727401048663,188.57200317382814,223.34579986572265,0.021959436147753874,0.9215,2024-02-13,229.25699996948242,232.8991497039795,195.48982808798715,181.65417825966912,275.830350904025,170.86124882742027,47.003325263620496,36.23956941602513,-10.77186065678353,-0.02850600281752684,0.02206779799027196,0
188.7100067138672,11.897913932800293,0.02516701014711292,-0.009508773556343388,188.79800415039062,222.3433999633789,0.022644287899525807,0.972,2024-02-14,228.58710006713866,233.02114974975586,195.62705222819199,181.96895607258926,275.5306560519042,169.15614387485363,52.7928924101331,37.901904129375424,-10.118064798777311,-0.022088768605910858,0.013309178288648728,1
200.4499969482422,12.18004035949707,0.06035334314528131,0.023435490877866574,190.97600402832032,221.64079986572267,0.02951213272087782,0.927,2024-02-15,228.14279998779296,233.2142497253418,203.55001621674512,178.40199183989552,275.0420630908574,168.23953664058794,68.15604767416716,41.85410098610709,-8.554002557440214,0.02516701014711292,0.010500153377802503,1
199.9499969482422,11.96601390838623,-0.0024975038337594173,-0.017728118571263607,192.252001953125,220.86539978027344,0.029417555887226145,0.807,2024-02-16,227.67239990234376,233.41244972229003,207.21089980095465,177.29310410529533,274.3802211067417,167.35057845380516,62.04681014617438,40.89863297043174,-7.271002196763675,0.06035334314528131,0.02093365777497024,0
193.75999450683594,11.917370796203613,-0.031447068575792124,-0.004073390773003606,193.37799987792968,219.9531997680664,0.028527932476022567,0.9099999999999999,2024-02-20,227.16879989624024,233.57819969177245,207.6157121198197,179.14028763603966,273.73482150421734,166.1715780319155,60.33784522105075,39.564362403234334,-6.6767314286333885,-0.0024975038337594173,-0.02850600281752684,0
194.77000427246094,11.810358047485352,0.005199145723306879,-0.009020119455298084,195.5279998779297,218.99579986572266,0.02801762520083982,0.8605,2024-02-21,226.71149993896483,233.74604972839356,205.22158251621613,185.83441723964324,272.83330403630373,165.1582956951416,72.27517162181988,38.932817590495816,-6.054475985932953,-0.031447068575792124,-0.022088768605910858,1
197.41000366210938,11.790901184082031,0.013463405650618309,-0.0016487991272219303,197.26799926757812,218.06720001220702,0.028022692857728005,0.705,2024-02-22,226.22179992675783,233.88279975891112,203.25836340040587,191.27763513475037,271.7571178075274,164.37728221688667,69.70107841206328,39.33673510868215,-5.287358796199271,0.005199145723306879,0.02516701014711292,1
191.97000122070312,11.810358047485352,-0.027943686650054866,0.0016487991272219021,195.5720001220703,217.1117999267578,0.029782484445191736,0.5355,2024-02-23,225.63929992675781,233.98369979858398,201.85261084086122,189.2913894032794,270.92754977511004,163.29605007840559,23.13058243461596,39.096097477350924,-5.060046562574826,0.013463405650618309,0.06035334314528131,0
199.39999389648438,11.625516891479492,0.03797371074003026,-0.0157745327961867,195.46199951171874,216.35959991455078,0.03147249336207845,0.47100000000000003,2024-02-26,225.1172998046875,234.134949798584,201.36727261773038,189.5567264057071,270.0914607142354,162.6277391148662,48.789073339590935,41.59553116301425,-4.231582615512423,-0.027943686650054866,-0.0024975038337594173,1
199.72999572753906,11.67416000366211,0.001653606167566249,0.004175438403974914,196.65599975585937,215.5683999633789,0.0295049032035379,0.975,2024-02-27,224.64929977416992,234.29089981079102,203.21824313774917,190.09375637396957,269.08671536601304,162.05008456074478,67.71513073653288,41.08205719279857,-3.5079530794049276,0.03797371074003026,-0.031447068575792124,1
202.0399932861328,11.96601390838623,0.011499231283567918,0.024692604620513547,198.10999755859376,214.5881997680664,0.027817703402499182,0.9385,2024-02-28,224.05809967041014,234.4406997680664,205.72070695535848,190.49928816182904,267.2423331071272,161.9340664290056,70.02752467889276,38.46008750719466,-2.716756878869859,0.001653606167566249,0.005199145723306879,1
201.8800048828125,12.102210998535156,-0.0007921787106965236,0.011317705769182842,199.00399780273438,213.55579986572266,0.027384729087330178,0.981,2024-02-29,223.4763998413086,234.61019981384277,207.2289403015567,190.77905530391206,265.10857454803676,162.00302518340854,64.26294223271285,37.713035390570084,-2.078676231093084,0.011499231283567918,0.013463405650618309,0
202.63999938964844,12.111939430236816,0.0037575170226514664,0.0008035328147249637,201.13799743652345,212.56699981689454,0.019900330027653564,0.5854999999999999,2024-03-01,222.89749984741212,234.79164978027345,204.07454414105422,198.20145073199268,262.9879538023537,162.1460458314354,98.54423323369048,38.19484147983151,-1.494440535211595,-0.0007921787106965236,-0.027943686650054866,1
188.13999938964844,12.394064903259277,-0.07424463938175002,0.023026025317374913,198.88599853515626,211.18539978027343,0.031111618878873943,0.5105,2024-03-04,222.18219970703126,234.89974975585938,211.1004616101535,186.67153546015902,260.3831981732669,161.98760138727997,18.826119760489163,34.21100668182362,-2.176370510971566,0.0037575170226514664,0.03797371074003026,0
180.74000549316406,12.238410949707031,-0.04012679843323044,-0.012638276907962152,195.08800048828124,209.85739990234376,0.03200593255988776,0.296,2024-03-05,221.35339981079102,234.93414978027343,215.22835536622256,174.94764561033992,258.6770980501527,161.0377017545348,12.216455221207127,34.635320709287996,-3.276157093284013,-0.07424463938175002,0.001653606167566249,0
176.5399932861328,12.043841361999512,-0.023512123304642613,-0.016026005290920107,189.98800048828124,208.2981997680664,0.032082077868240154,0.758,2024-03-06,220.48889984130858,234.93239974975586,213.88951219609964,166.08648878046284,256.27075012161686,160.32564941451596,2.8127121237961603,31.692652784073303,-4.435521832770235,-0.04012679843323044,0.011499231283567918,0
178.64999389648438,12.073026657104492,0.01188110874296599,0.002420323346220975,185.3419982910156,206.82039978027345,0.031958107105148174,0.715,2024-03-07,219.68669982910157,234.92494972229005,206.56665858959448,164.11733799243675,253.7717107514779,159.86908880906898,9.906782865913328,32.66062746016384,-5.124989636011776,-0.023512123304642613,-0.0007921787106965236,1
175.33999633789062,11.849272727966309,-0.018701625030085045,-0.01870726981089701,179.88199768066406,205.195,0.031511579712042416,0.9045000000000001,2024-03-08,218.9288998413086,234.85729972839354,189.99374196772365,169.77025339360446,250.71613693453415,159.67386306546584,6.694163465564856,30.86053649187133,-5.870811912330851,0.01188110874296599,0.0037575170226514664,0
177.77000427246094,11.781172752380371,0.013763678693560029,-0.005763764730672361,177.80799865722656,203.5216000366211,0.028258520196105006,0.763,2024-03-11,218.16739990234376,234.81729972839355,181.93182415201733,173.6841731624358,246.69448182161165,160.34871825163054,23.34193159673518,30.070029347964592,-6.194394978343553,-0.018701625030085045,-0.07424463938175002,1
177.5399932861328,11.781172752380371,-0.0012947061441473569,0.0,177.16799621582032,202.00880004882814,0.028121288721931714,0.352,2024-03-12,217.39429977416992,234.7904997253418,179.70434869120834,174.6316437404323,243.34110873327472,160.67649136438155,36.97066542078372,31.266097860783873,-6.395671533492589,0.013763678693560029,-0.04012679843323044,0
169.47999572753906,12.034112930297852,-0.04646099727496628,0.02124263322386121,175.75599670410156,200.42880004882812,0.028756668066165943,0.5329999999999999,2024-03-13,216.6622998046875,234.71554969787599,183.18400684155105,168.32798656665207,240.53186920950287,160.32573088815337,28.12889977991061,30.754238024035786,-7.12344446275938,-0.0012947061441473569,-0.023512123304642613,0
162.5,11.751986503601074,-0.042056898779332184,-0.023723070586820022,172.5259979248047,198.7104000854492,0.02904038365353606,0.685,2024-03-14,216.08619979858398,234.56219970703125,185.57808982228937,159.47390602732003,237.76967661482598,159.65112355607243,11.565953379736683,29.751130546441757,-8.169266850418694,-0.04646099727496628,0.01188110874296599,0
163.57000732421875,11.73253059387207,0.006563076277915342,-0.001656914136184411,170.1720001220703,197.21280029296875,0.02932579752087241,0.7505,2024-03-15,215.60199981689453,234.3742497253418,184.83289215471703,155.51110808942357,235.79206209482058,158.63353849111692,18.646838661845422,31.58024410910207,-8.810189597217857,-0.042056898779332184,-0.018701625030085045,1
173.8000030517578,11.849272727966309,0.060664152342604714,0.009901116229815597,169.37799987792968,195.93020050048827,0.033111054016173994,0.478,2024-03-18,215.21919982910157,234.2235997772217,182.3094464885342,156.44655326732516,233.22704543149143,158.6333555694851,42.52916799709641,34.943890254213585,-8.395867992117616,0.006563076277915342,0.013763678693560029,1
171.32000732421875,11.96601390838623,-0.014372034891457558,0.009803964762275737,168.13400268554688,194.60680053710936,0.0312792353891163,0.361,2024-03-19,214.76719985961915,234.04259979248047,177.96446162170662,158.30354374938713,230.55607796293776,158.65752311128097,39.208904104149475,34.61234364460171,-8.173412057644839,0.060664152342604714,-0.0012947061441473569,0
175.66000366210938,12.549720764160156,0.025017133837829976,0.047627958169938395,169.37000427246093,193.31100067138672,0.03190709125400978,0.371,2024-03-20,214.39959991455078,233.8510498046875,181.36285283780944,157.37715570711242,227.12287130294294,159.4991300398305,62.31077726840828,35.029346672933116,-7.5597683890649705,-0.014372034891457558,-0.04646099727496628,1
172.82000732421875,12.569177627563477,-0.016299696542812377,0.0015491815756572516,171.4340057373047,192.06820068359374,0.03193657134779298,0.9935,2024-03-21,214.07020004272462,233.62709983825684,180.77389164830515,162.09411982630422,224.1557534991379,159.9806478680496,74.61834811893124,35.46364793846797,-7.21939464275502,0.025017133837829976,-0.042056898779332184,0
170.8300018310547,12.559449195861816,-0.01158171211632812,-0.0007742907924144152,172.88600463867186,190.80600067138673,0.03163342473209691,0.8645,2024-03-22,213.70550003051758,233.37469985961914,176.78655773540004,168.9854515419437,221.08482896432918,160.52717237844428,66.59048891610243,35.303432854330126,-7.029194628516649,-0.016299696542812377,0.006563076277915342,0
172.6300048828125,12.549720764160156,0.010481683435756076,-0.000774890783243027,172.65200500488282,189.7142007446289,0.03146127651611079,0.586,2024-03-25,213.45820007324218,233.11499984741212,176.41640111756874,168.8876088921969,218.53550410016152,160.89289738909628,45.6505634408407,36.98937172544102,-6.656482754218018,-0.01158171211632812,0.060664152342604714,1
177.6699981689453,12.102210998535156,0.0287772826285837,-0.03631025240075562,173.92200317382813,188.88980072021485,0.033033304725963976,0.792,2024-03-26,213.22650009155274,232.82904983520507,179.35451998658326,168.489486361073,216.64313260507808,161.13646883535162,69.83133361480932,40.01937016447866,-5.886563926694578,0.010481683435756076,-0.014372034891457558,1
179.8300018310547,12.705377578735352,0.012084083617363902,0.04863717217746586,174.7560028076172,188.08820068359375,0.028784390599001005,0.9915,2024-03-27,212.9682000732422,232.50619987487792,182.36640781731225,167.14559779792214,214.465726461692,161.71067490549552,65.07591329301836,40.348679939108884,-5.043959836054171,0.0287772826285837,0.025017133837829976,1
175.7899932861328,12.919403076171875,-0.02272190773999231,0.016704960513193024,175.35,187.29300048828125,0.025685629629641164,0.8185,2024-03-28,212.54100006103516,232.13599983215332,182.66267111845735,168.03732888154263,212.66968592982107,161.91631504674143,59.880183592603906,40.4109568876664,-4.6485987961324895,0.012084083617363902,-0.016299696542812377,0
175.22000122070312,12.929131507873535,-0.0032477284143495326,0.0007527260107816873,176.22799987792968,186.55980041503906,0.0259269534163509,0.387,2024-04-01,212.09360000610351,231.71854988098144,181.63237368012437,170.82362607573498,211.14296275928606,161.97663807079206,66.12784420564049,41.02438462369549,-4.331336963280734,-0.02272190773999231,-0.01158171211632812,0
166.6300048828125,12.919403076171875,-0.05026651935105258,-0.0007527260107817864,175.0279998779297,185.64860046386718,0.024019247672652816,-0.177,2024-04-02,211.56720001220702,231.2677498626709,185.0869857182246,164.96901403763476,209.72643453204026,161.5707663956941,35.294113247176,39.280000574448536,-4.718651907934799,-0.0032477284143495326,0.010481683435756076,0
168.3800048828125,13.279356002807617,0.010447544054431742,0.027480353355493054,173.1700012207031,184.8402005004883,0.024134898291237245,0.382,2024-04-03,211.02920013427735,230.83014991760254,184.17627595693185,162.16372648447438,208.45510771008398,161.2252932908926,22.85215384354703,40.41544198711318,-4.828728837131763,-0.05026651935105258,0.0287772826285837,1
171.11000061035156,12.851303100585938,0.016083269202606634,-0.03276543430230726,171.4260009765625,184.07960052490233,0.02318127659559966,0.165,2024-04-04,210.51920013427736,230.38299987792968,179.53885458650137,163.31314736662364,206.9376266108193,161.22157443898536,25.339352847560505,41.08323592513555,-4.642165759666085,0.010447544054431742,0.012084083617363902,1
164.89999389648438,12.919403076171875,-0.03696743555877544,0.005285080946814119,169.2480010986328,183.22100036621094,0.025355385815480875,0.0,2024-04-05,210.0684001159668,229.83524978637695,177.35011908630915,161.14588311095648,205.6589613748558,160.78303935756608,22.569258407135422,40.160438658516426,-4.938481083445453,0.016083269202606634,-0.02272190773999231,0
172.97999572753906,13.045873641967773,0.04783676362708771,0.009741591997958834,168.8,183.02800018310546,0.030082674852049098,0.878,2024-04-08,209.65170013427735,229.40284980773924,175.35009842800278,162.24990157199724,205.6519483058196,160.40405206039134,45.906422801181215,47.59985860781833,-4.4697994265680165,-0.03696743555877544,-0.0032477284143495326,1
176.8800048828125,13.172343254089355,0.022295607975213145,0.009647535799313005,170.85,182.90060028076172,0.03071088490999706,0.8049999999999999,2024-04-09,209.1834001159668,228.9641999053955,179.9312383249303,161.7687616750697,205.5910893907414,160.21011117078206,72.60695617290682,48.44109582452492,-3.7405489715958424,0.04783676362708771,-0.05026651935105258,1
171.75999450683594,12.705377578735352,-0.02937344256551801,-0.03609408831046465,171.5259979248047,182.51720031738282,0.03067354779494996,0.785,2024-04-10,208.52690002441406,228.5399998474121,180.18112574974313,162.87087009986627,205.30155998118207,159.73284065358357,56.48998950519731,45.2490721637321,-3.5350054374750925,0.022295607975213145,0.010447544054431742,0
174.60000610351562,12.685919761657715,0.016399556773736196,-0.001532636999647205,172.2239990234375,182.1774005126953,0.03094449359074648,0.89,2024-04-11,207.84450012207031,228.2077498626709,181.26566272624743,163.18233532062757,204.91620030515963,159.43860072023097,56.67304053230045,45.83435841721063,-3.1071284621470454,-0.02937344256551801,0.016083269202606634,1
171.0500030517578,12.267595291137695,-0.020541749097701737,-0.033531441516288014,173.4540008544922,181.8526007080078,0.030797055009856057,0.758,2024-04-12,207.21910018920897,227.81194984436036,178.13634806872213,168.77165364026226,204.75666873586408,158.94853268015152,63.09067630305247,46.0035471155354,-3.0196794689431385,0.016399556773736196,-0.03696743555877544,0
161.47999572753906,11.897913932800293,-0.05757465973833702,-0.030598171737316375,171.15400085449218,181.30500061035156,0.03535264191893584,0.1515,2024-04-15,206.4909001159668,227.33814987182618,182.92797611158045,159.38002559740391,204.82616113410018,157.78384008660294,26.981623512911924,43.51737903232799,-3.680172386525072,-0.020541749097701737,0.04783676362708771,0
157.11000061035156,11.76171588897705,-0.02743506868222295,-0.011513244232574086,167.2,180.6890005493164,0.0329899045866966,0.48,2024-04-16,205.70600006103516,226.83619987487793,182.19675632571855,152.20324367428142,205.100523945049,156.27747715358382,11.159169083388448,42.82385936490888,-4.50431690524357,-0.05757465973833702,0.022295607975213145,0
155.4499969482422,11.713072776794434,-0.01062208397137564,-0.004144291349859011,163.93800048828126,180.1768005371094,0.032500231099261895,0.944,2024-04-17,204.84850006103517,226.30459991455078,180.93707452290602,146.9389264536565,205.60987001728765,154.74373105693113,12.915001894336285,43.885202577664344,-5.23110487551611,-0.02743506868222295,-0.02937344256551801,0
149.92999267578125,11.73253059387207,-0.036155647217109545,0.0016598268969450056,159.00399780273438,179.47340026855468,0.03239904673972646,0.911,2024-04-18,204.0056999206543,225.6551498413086,174.80882379562345,143.1991718098453,206.26007891002882,152.68672162708054,0.0,41.661528309681934,-6.181254140336051,-0.01062208397137564,0.016399556773736196,0
147.0500030517578,11.810358047485352,-0.01939578390268632,0.00661157076378955,154.20399780273436,178.66280029296874,0.03142962164754719,0.227,2024-04-19,203.12169998168946,224.97799980163575,165.70983426569404,142.69816133977469,206.86383002090997,150.4617705650275,0.0,40.408918716866715,-7.084974199415257,-0.036155647217109545,-0.020541749097701737,0
142.0500030517578,12.530264854431152,-0.0345935559693179,0.05916995924447048,150.31799926757813,177.71260040283204,0.024107448594176944,0.5820000000000001,2024-04-22,202.1813999938965,224.30554977416992,162.63298169717137,138.0030168379849,207.56804187731314,147.85715892835094,0.0,38.91559308945239,-8.111136932888513,-0.01939578390268632,-0.05757465973833702,0
144.67999267578125,12.588635444641113,0.018345226676437152,0.004647551810049991,147.83199768066407,176.73480010986327,0.023363722684944226,0.911,2024-04-23,201.16099990844725,223.6567997741699,158.147694888289,137.51630047303914,207.65391330882537,145.81568691090118,14.867108703208999,38.51969912104855,-8.61287623346098,-0.0345935559693179,-0.02743506868222295,1
162.1300048828125,12.598363876342773,0.11387415621830609,0.0007724963233187891,149.16799926757812,176.2148001098633,0.04798419844853763,0.296,2024-04-24,200.34089996337892,223.11939987182618,164.78491973193616,133.5510788032201,207.22608965939767,145.2035105603289,59.97611826018791,44.2206819173133,-7.515800623565582,0.018345226676437152,-0.01062208397137564,1
170.17999267578125,12.685919761657715,0.04845814470471284,0.006925743797463677,153.21799926757814,175.93799987792968,0.05062802728807591,0.9915,2024-04-25,199.64189987182618,222.62134979248046,177.76996329944973,128.66603523570654,206.91197545125632,144.96402430460304,78.11720587300579,46.97657934752949,-5.9284540326293325,0.11387415621830609,-0.036155647217109545,1
168.2899932861328,12.442708015441895,-0.011168015552988686,-0.019357948489991506,157.46599731445312,175.529599609375,0.05034417010359396,0.802,2024-04-26,198.93649978637694,222.10284980773926,183.9554730957521,130.97652153315414,206.3543458989469,144.7048533198031,80.32552384023145,45.48389687629502,-4.768014871011587,0.04845814470471284,-0.01939578390268632,0
194.0500030517578,12.40379524230957,0.14242723171122051,-0.003132256039666602,167.86599731445312,175.40159973144532,0.06362399621780274,0.6265000000000001,2024-04-29,198.52119979858398,221.68359985351563,203.3854134674211,132.34658116148515,205.8548841204572,144.94831534243343,96.61168979740114,48.667223465154166,-1.7495729839277772,-0.011168015552988686,-0.0345935559693179,1
183.27999877929688,11.820085525512695,-0.05710084205665045,-0.04820224609720165,175.58599853515625,175.0681997680664,0.06661836519913379,0.9755,2024-04-30,197.9667997741699,221.19309982299805,201.34716038129844,149.82483668901406,204.78051918421738,145.3558803519154,80.19399092207277,46.67092793741393,-0.2239043478740257,0.14242723171122051,0.018345226676437152,0
179.99000549316406,11.868728637695312,-0.018113707174260838,0.004106848085866482,179.15799865722656,174.79279998779296,0.06698471603401496,0.898,2024-05-01,197.3729998779297,220.6411498260498,200.09058204812814,158.22541526632497,204.04974378093692,145.535856194649,67.94614407352677,47.21784716376593,0.7115220917116005,-0.05710084205665045,0.11387415621830609,0
180.00999450683594,12.150854110717773,0.00011105007606901516,0.023492368795630318,181.1239990234375,174.49759979248046,0.0648765062511077,0.985,2024-05-02,196.74669982910157,220.07449981689453,199.5350980059053,162.7129000409697,203.22487557666682,145.7703240082941,61.7781006919293,47.00584041144745,1.4378921056774345,-0.018113707174260838,0.04845814470471284,1
181.19000244140625,12.092483520507812,0.006533843535574036,-0.004815401566376874,183.7040008544922,174.1731997680664,0.0637108876310126,0.997,2024-05-03,196.12019989013672,219.52414978027343,195.57746587894968,171.8305358300347,202.20225002551987,146.14414951061295,65.72404657687218,46.69006613179328,2.084730873728347,0.00011105007606901516,-0.011168015552988686,1
184.75999450683594,12.160582542419434,0.019511437908750914,0.005615718911642811,181.84599914550782,174.02899963378906,0.06070310604080535,0.462,2024-05-06,195.57039978027345,219.1334497833252,186.06425483501204,177.6277434560036,201.75690970400888,146.30108956356923,25.331876872910314,48.517374780507836,2.852541459344053,0.006533843535574036,0.14242723171122051,1
177.80999755859375,11.983344078063965,-0.03834210509362018,-0.014682089701414198,180.7519989013672,173.59719970703125,0.0640801620490935,0.975,2024-05-07,194.97839981079102,218.7223998260498,185.8551795028157,175.64881829991867,200.36839843779364,146.82600097626886,31.778784866025404,45.55157309448125,2.867179153521164,0.019511437908750914,-0.05710084205665045,0
174.72000122070312,11.96364974975586,-0.017530851194269642,-0.0016448271453100083,179.697998046875,173.09699981689454,0.05576597458075795,0.97,2024-05-08,194.33269989013672,218.25069984436035,187.2008125394531,172.1951835542969,198.78804789973918,147.4059517340499,32.207931901004244,44.904862140267824,2.599477591765293,-0.03834210509362018,-0.018113707174260838,0
171.97000122070312,11.943957328796387,-0.015864649448707812,-0.0016473773680734363,178.08999938964843,172.49559997558595,0.05420172170108233,0.975,2024-05-09,193.54189987182616,217.78414985656738,188.23832536273977,167.94167341655708,196.79115440803866,148.20004554313323,27.080968176626214,43.88498173904015,2.1407430052982477,-0.017530851194269642,0.00011105007606901516,0
168.47000122070312,11.80610466003418,-0.020562350450525728,-0.011608745858707267,175.5459991455078,171.82739990234376,0.054517437957607745,0.612,2024-05-10,192.6915998840332,217.30474983215333,187.93806030153766,163.15393798947795,194.61531954510002,149.0394802595875,17.975804121873708,43.296817800976086,1.4777373548719481,-0.015864649448707812,0.006533843535574036,0
171.88999938964844,12.140890121459961,0.020097034145307512,0.027962362549785978,172.9720001220703,171.21239990234375,0.024489049046297846,0.493,2024-05-13,191.88969985961913,216.88564979553223,179.9651716863724,165.97882855776822,192.19435537954433,150.23044442514316,17.351596406015574,43.89566108104696,1.2142685384723961,-0.020562350450525728,0.019511437908750914,1
177.5500030517578,12.249201774597168,0.03239754278801776,0.008881669294483476,172.9200012207031,171.00059997558594,0.022499519662333985,0.44,2024-05-14,191.09299987792969,216.441199798584,179.73489819185875,166.10510424954748,191.49320433693418,150.5079956142377,49.294260226164766,47.821257651054644,1.4455195466640873,0.020097034145307512,-0.03834210509362018,1
173.99000549316406,12.121196746826172,-0.020254418706909572,-0.010505056356418465,172.7740020751953,170.86559997558595,0.022666993407319553,0.665,2024-05-15,190.36149993896484,215.9739998626709,179.42540426707228,166.12259988331834,191.18452246433083,150.54667748684108,48.06777196631596,48.58898802836875,1.3262375450271406,0.03239754278801776,-0.017530851194269642,0
174.83999633789062,12.190122604370117,0.004873391179277019,0.0056702839713627185,173.3480010986328,170.8316000366211,0.0227983793422294,0.817,2024-05-16,189.56489990234374,215.54284980773926,180.1462134844763,166.5497887127893,191.117429559893,150.5457705133492,58.44613527611329,49.63958682482822,1.2854747046342254,-0.020254418706909572,-0.015864649448707812,1
177.4600067138672,12.091656684875488,0.01487402019069651,-0.008110316633370867,175.14600219726563,170.80780029296875,0.023328792041309183,0.758,2024-05-17,188.81410003662108,215.15959983825684,179.95904273940224,170.33296165512903,191.0589528313365,150.556647754601,77.90194026245874,49.74825744128175,1.4478923986534653,0.004873391179277019,-0.020562350450525728,1
174.9499969482422,11.96364974975586,-0.014245067870223688,-0.01064281959906229,175.75800170898438,170.8000003051758,0.02227588370912263,0.0,2024-05-20,187.9975001525879,214.73774978637695,179.03359417798367,172.4824092399851,191.0443270882441,150.55567352210747,60.06577335897878,49.91721517001321,1.3584138311981349,0.01487402019069651,0.020097034145307512,0
186.60000610351562,11.96364974975586,0.06446711975223302,0.0,177.56800231933593,170.97660034179688,0.02831696725470833,0.883,2024-05-21,187.24910018920897,214.40144981384276,187.99329778057512,167.14270685809674,191.61923750087718,150.3339631827166,71.354401822124,51.803734235407724,2.2021745006358913,-0.014245067870223688,0.03239754278801776,1
180.11000061035156,11.845490455627441,-0.035399542384592614,-0.009925622107762315,178.79200134277343,171.02800048828124,0.03037353151891418,0.821,2024-05-22,186.5184002685547,214.04474983215331,188.53138589369277,169.0526167918541,191.74998924038553,150.30601173617694,62.68654355898857,50.511892408134834,2.3204233105624894,0.06446711975223302,-0.020254418706909572,0
173.74000549316406,11.924263954162598,-0.036007818288810785,0.006628069063067932,178.57200317382814,171.11320068359376,0.03236882279445849,0.972,2024-05-23,185.77100036621093,213.66494987487792,188.7954044652204,168.34860188243587,191.84423965715732,150.3821617100302,48.1444167766201,50.85425710010337,1.8784770604380299,-0.035399542384592614,0.004873391179277019,0
179.24000549316406,11.97349739074707,0.03116576011599187,0.004120344623738506,178.9280029296875,171.44800079345703,0.03266775944459475,0.972,2024-05-24,185.07920043945313,213.3501998901367,189.08152181752408,168.7744840418509,192.15195662572577,150.74404496118828,52.73677384723953,53.37690700210634,1.9495621686261586,-0.036007818288810785,0.01487402019069651,1
176.75,11.500859260559082,-0.013989415788236143,-0.04027390568441406,179.28800354003906,171.71160064697267,0.03283413010613818,0.967,2024-05-28,184.4622004699707,213.00724990844728,188.84651329740709,169.72949378267103,192.34164226924946,151.08155902469588,52.76923416408402,52.643611827420955,1.7844054799328148,0.03116576011599187,-0.014245067870223688,0
176.19000244140625,11.382699966430664,-0.0031733327174769638,-0.01032709493171699,177.20600280761718,171.75940063476563,0.031153768846287642,0.6645,2024-05-29,183.84480056762695,212.67494995117187,182.2877055588133,172.12430005642108,192.42024495531084,151.09855631422042,25.688926012346712,50.498726906047686,1.5900019387618158,-0.013989415788236143,0.06446711975223302,0
178.7899932861328,11.589479446411133,0.014648923152829736,0.018003086358921182,176.94200134277344,171.90880035400392,0.030679738970872145,0.832,2024-05-30,183.25780044555665,212.37009994506835,181.363657320126,172.52034536542087,192.6644902671796,151.15311044082824,46.232853447600135,51.557999654635715,1.6269784688907407,-0.0031733327174769638,-0.035399542384592614,1
178.0800018310547,11.943957328796387,-0.003978997402597566,0.030127745310092678,177.81000061035155,171.9572003173828,0.030738403950752776,0.9245,2024-05-31,182.63410049438477,212.09569992065428,180.42269952715966,175.19730169354344,192.75982712324685,151.15457351151878,68.29680311248804,50.512494271491775,1.5807701246392298,0.014648923152829736,-0.036007818288810785,0
176.2899932861328,12.003036499023438,-0.010102569596006488,0.0049341717389519285,177.21999816894532,172.0266000366211,0.03057560756697103,0.96,2024-06-03,182.04740036010742,211.84914985656738,179.5332619944469,174.90673434344376,192.86409870691404,151.18910136632815,31.901752047300405,50.738137729491214,1.3837598271305467,-0.003978997402597566,0.03116576011599187,0
174.77000427246094,11.845490455627441,-0.008659479988969872,-0.013212416478640803,176.8239990234375,172.10540008544922,0.03035007674444977,0.296,2024-06-04,181.45570037841796,211.62689987182617,180.0409361885307,173.60706185834428,192.9542252270622,151.25657494383623,36.21168554894622,50.839799248521935,1.0923850023264947,-0.010102569596006488,-0.013989415788236143,0
175.0,11.88487720489502,0.0013151256990527008,0.0033195259339201147,176.58599853515625,172.15279998779297,0.02034165369647495,0.979,2024-06-05,180.93350036621095,211.42444984436034,180.19022998354032,172.98176708677218,193.01726378281296,151.288336192773,41.313819834268905,50.50856079521464,0.8699982887671638,-0.008659479988969872,-0.0031733327174769638,1
177.94000244140625,11.88487720489502,0.016660454613497404,0.0,176.41600036621094,172.1582000732422,0.01869557536071121,0.9935,2024-06-06,180.52400039672852,211.1577498626709,179.5499628998263,173.28203783259556,193.02863113228503,151.28776901419937,44.08906564686558,50.05846525709944,0.9203792829993347,0.0013151256990527008,0.014648923152829736,1
177.47999572753906,11.96364974975586,-0.0025885260992180074,0.00660609617384215,176.2959991455078,172.11119995117187,0.01424075065059328,0.97,2024-06-07,180.09970031738283,210.87919982910157,179.14431530618577,173.44768298482984,192.9216112984619,151.30078860388184,45.6771909766501,49.48736837872736,0.9126672268556888,0.016660454613497404,-0.003978997402597566,0
173.7899932861328,12.190122604370117,-0.02101026729322036,0.01875313623243321,175.7959991455078,172.07119995117188,0.011763088017324312,0.932,2024-06-10,179.68210021972655,210.56384979248048,179.42131764848844,172.17068064252717,192.8604274934215,151.28197240892226,35.85972264895449,49.563051677593265,0.6018650823932887,-0.0025885260992180074,-0.010102569596006488,0
170.66000366210938,11.924263954162598,-0.01817434057762428,-0.022050689277127694,174.9739990234375,171.98,0.012258054975724809,0.95,2024-06-11,179.26990020751953,210.26694984436034,180.89770541138463,169.05029263549037,192.75284811629695,151.20715188370303,30.334919566445848,49.01477890977271,0.1018144854434695,-0.02101026729322036,-0.008659479988969872,0
177.2899932861328,11.894723892211914,0.03811347747393242,-0.0024803805506866962,175.43199768066407,172.1931997680664,0.017993746538996287,0.6415,2024-06-12,178.9209001159668,209.96044982910155,181.7093089597512,169.15468640157692,192.96074372582436,151.42565581030843,56.795235995186005,52.32284234537942,0.23776473435989942,-0.01817434057762428,0.0013151256990527008,1
182.47000122070312,11.756871223449707,0.028799010597446485,-0.011657076752895838,176.33799743652344,172.47499969482422,0.0196952626344971,0.979,2024-06-13,178.65760009765626,209.67869979858398,185.20049511247046,167.4754997605764,193.41303253984773,151.5369668498007,61.864849786025225,53.025032301011365,0.7547888986976545,0.03811347747393242,0.016660454613497404,1
178.00999450683594,11.530399322509766,-0.024746085007725318,-0.019450887614626648,176.44399719238282,172.6129995727539,0.02141951525362874,0.9415,2024-06-14,178.3463000488281,209.28284980773927,185.3871006481976,167.50089373656806,193.60519576054878,151.620803384959,51.14768051830988,51.470461414752734,0.7954792166743232,0.028799010597446485,-0.0025885260992180074,0
187.44000244140625,11.668251991271973,0.051619109593938894,0.011884681526064865,179.1739990234375,173.06379974365234,0.026490099813136214,0.40349999999999997,2024-06-17,178.14240005493164,208.93554985046387,191.68730970190143,166.66068834497355,194.3460126914235,151.78158679588117,73.67327139842585,54.738480911503395,1.5705451504203722,-0.024746085007725318,-0.02101026729322036,1
184.86000061035156,11.599325180053711,-0.013860022086213656,-0.005924726269109646,182.01399841308594,173.30139984130858,0.02686121908191799,0.975,2024-06-18,178.16470001220702,208.5694499206543,190.7373841378729,173.29061268829898,194.84347039135514,151.75932929126202,75.1060641786076,52.556598844288395,1.954080477796282,0.051619109593938894,-0.01817434057762428,0
181.57000732421875,11.756871223449707,-0.017957490517488177,0.013490932357671426,182.87000122070313,173.39519989013672,0.027876056609835838,0.951,2024-06-20,178.1479000854492,208.2522499847412,189.96328382593532,175.77671861547094,195.0414624738911,151.74893730638235,58.580615478176696,51.01195404545226,1.969852788638093,-0.013860022086213656,0.03811347747393242,0
183.00999450683594,11.658405303955078,0.007899471520701,-0.008410449460179189,182.97799987792968,173.62019989013672,0.027558833988472038,0.9875,2024-06-21,178.06870010375977,207.8848500061035,190.05726097553287,175.89873878032648,195.43034077426952,151.8100590060039,51.27356925439933,52.466564481953206,2.074632319806824,-0.017957490517488177,0.028799010597446485,1
182.5800018310547,12.042423248291016,-0.002352322975825913,0.03240828091431999,183.89200134277343,173.7797998046875,0.02755379417310357,0.6234999999999999,2024-06-24,177.9786001586914,207.53815002441405,188.51977287748173,179.26422980806512,195.73551019562913,151.8240894137459,63.30813008997096,51.76830278949015,2.098780601488585,0.007899471520701,-0.024746085007725318,0
187.35000610351562,11.904570579528809,0.025790114652126835,-0.011513277408551554,183.8740020751953,174.10579986572264,0.027023445050673778,0.422,2024-06-25,177.97920028686522,207.21745002746582,188.43296408849454,179.31504006189607,196.37784115965692,151.83375857178837,49.64030180983444,53.592525169842,2.474295629082434,-0.002352322975825913,0.051619109593938894,1
196.3699951171875,11.924263954162598,0.047022052078927956,0.0016529032579933088,186.1760009765625,174.80359985351564,0.027985027702027408,0.942,2024-06-26,178.05430023193358,206.95680000305177,198.4016211621979,173.9503807909271,197.6401513919373,151.96704831509396,80.36943244451065,57.708454514457756,3.459848741489253,0.025790114652126835,-0.013860022086213656,1
197.4199981689453,12.042423248291016,0.005332819818052439,0.009860374150558243,189.34599914550782,175.6097998046875,0.026743233757945295,0.6405000000000001,2024-06-27,178.14940017700195,206.57600006103516,203.64402846093157,175.04796983008407,198.74103878624152,152.47856082313348,97.4267307701088,59.03852299219851,4.276338189908415,0.047022052078927956,-0.017957490517488177,1
197.8800048828125,12.347668647766113,0.0023273813203096337,0.02503158569515035,192.32000122070312,176.4583999633789,0.02606008227503973,0.6655,2024-06-28,178.31760025024414,206.2280000305176,206.20864765336412,178.4313547880421,199.68391799782214,153.23288192893565,97.2664158132704,59.56535800920068,4.904000393737249,0.005332819818052439,0.007899471520701,1
209.86000061035156,12.564294815063477,0.05877983360300819,0.017391774671250238,197.7760009765625,177.65700012207031,0.02769440367896407,0.396,2024-07-01,178.5652001953125,205.9208000946045,213.80219277406385,181.74980917906115,201.47267125008668,153.84132899405395,100.0,63.12815333050463,6.295541661113532,0.0023273813203096337,-0.002352322975825913,1
231.25999450683594,12.672607421875,0.09710195030947986,0.008583721633955503,206.55799865722656,179.3411999511719,0.036458353141335054,0.71,2024-07-02,179.0020001220703,205.69690002441405,236.2850546980954,176.83094261635773,206.0561688152975,152.62623108704628,100.0,67.0624479511778,9.021158501528333,0.05877983360300819,0.025790114652126835,1
246.38999938964844,12.672607421875,0.06337304899541438,0.0,216.56199951171874,181.4279998779297,0.03643162362840636,0.838,2024-07-03,179.57030014038085,205.5568999481201,259.76026986585873,173.36372915757872,212.2399622653698,150.6160374904896,100.0,70.30751483292306,12.26076002240211,0.09710195030947986,0.047022052078927956,1
251.52000427246094,12.643068313598633,0.02060688228437311,-0.002333662509411845,227.3820007324219,183.56480010986328,0.032800374248562844,0.9695,2024-07-05,180.1498001098633,205.48809997558592,273.60293009299005,181.16107137185375,218.51554779469305,148.61405242503352,100.0,70.59368164904582,15.06841675992186,0.06337304899541438,0.005332819818052439,1
252.94000244140625,12.780920028686523,0.005629789876539415,0.010844330493738783,238.3940002441406,185.38100006103517,0.032997454490702655,0.944,2024-07-08,180.7979000854492,205.42029998779296,274.62792546581994,202.16007502246129,224.92181854136965,145.8401815807007,100.0,68.65677995803503,17.20970418017461,0.02060688228437311,0.0023273813203096337,1
262.3299865722656,12.702147483825684,0.0364508858978897,-0.006182363698812772,248.88799743652345,187.22399993896485,0.030660541906197023,0.984,2024-07-09,181.58099990844727,205.41899993896484,271.71385466030983,226.06214021273706,232.10281951194685,142.34518036598286,100.0,68.82841089579102,19.440287597590185,0.005629789876539415,0.05877983360300819,1
263.260009765625,12.968006134033203,0.0035389720904070512,0.020714185061790756,255.28800048828126,189.1234002685547,0.03226854494887548,0.9504999999999999,2024-07-10,182.32649993896484,205.45680000305177,269.8491753648809,240.72682561168162,238.5407570215653,139.70604351554408,100.0,69.4810302409499,21.040543833524595,0.0364508858978897,0.09710195030947986,1
241.02999877929688,13.263405799865723,-0.08822077208547265,0.022523541983709698,254.21600036621095,190.06300018310546,0.04979406218894721,0.6675,2024-07-11,182.7322999572754,205.43754997253419,272.39285602555015,236.03914470687172,241.60359383198448,138.52240653422643,43.14578301545508,59.77853602384848,20.281193354694608,0.0035389720904070512,0.06337304899541438,0
248.22999572753906,13.814815521240234,0.029434316513726216,0.04073280534481659,253.55799865722656,191.3620001220703,0.04956153292381896,0.5025,2024-07-12,183.21509994506835,205.44374992370606,272.44707240402545,234.6689249104277,245.4173926814091,137.3066075627315,46.00436304120131,63.72279797406592,20.029494663679714,-0.08822077208547265,0.02060688228437311,1
252.63999938964844,14.011748313903809,0.017609829570940913,0.014154538216937886,253.497998046875,192.815,0.049089985092798355,0.903,2024-07-15,183.8038999938965,205.48634994506835,272.39878929957916,234.59720679417083,249.46604962786523,136.16395037213476,49.6603227771537,65.27736830830803,19.95583364902231,0.029434316513726216,0.005629789876539415,1
256.55999755859375,14.169295310974121,0.015396997777534727,0.011181178420840345,252.34400024414063,194.34600006103517,0.047611807411908985,0.9835,2024-07-16,184.4217999267578,205.56664993286134,269.1354616168697,235.55253887141154,253.65955010599922,135.03245001607112,42.54331339057182,65.83771333466136,19.98341152681033,0.017609829570940913,0.0364508858978897,1
248.5,14.257913589477539,-0.031919700332288976,0.0062347707705256335,249.39199829101562,195.69220001220702,0.04151577049293846,0.9935,2024-07-17,184.93269989013672,205.57724990844727,260.96777780599416,237.8162187760371,256.814795889183,134.56960413523103,33.89348820790846,63.54053527748712,19.13432417251923,0.015396997777534727,0.0035389720904070512,0
249.22999572753906,14.326841354370117,0.002933302220995548,0.004822703474220438,251.03199768066406,196.9816000366211,0.03652749954677075,0.7270000000000001,2024-07-18,185.50529983520508,205.57229988098143,258.14915233584406,243.91484302548406,259.8577714968086,134.1054285764336,66.85855185762642,63.11912487541026,18.309263093462164,-0.031919700332288976,-0.08822077208547265,1
239.1999969482422,13.765583038330078,-0.04107613843938729,-0.03996330137934238,249.2259979248047,198.20940002441407,0.03805235246657432,0.941,2024-07-19,185.90329986572266,205.51029983520507,262.12912704845695,236.3228688011524,261.94916209307337,134.4696379557548,33.3701642554215,62.33771474864825,16.654081284530946,0.002933302220995548,0.029434316513726216,0
251.50999450683594,13.903435707092285,0.05018271902171053,0.009964488488477665,248.9999969482422,199.74519989013672,0.04185618261307129,0.8775,2024-07-22,186.4210998535156,205.53519981384278,261.64106467843743,236.358929218047,264.8605098517519,134.62988992852155,48.38800959149095,64.881205170542,16.149490427113335,-0.04107613843938729,0.017609829570940913,1
246.3800048828125,13.617883682250977,-0.02060764898795659,-0.02075207721297645,246.96399841308593,201.2333999633789,0.040101539186230994,0.8685,2024-07-23,186.8644999694824,205.46129981994628,256.3863597083233,237.54163711784855,267.1539770346682,135.31282289208963,35.96249517113334,64.28818468392288,15.16088599129867,0.05018271902171053,0.015396997777534727,0
215.99000549316406,13.46033763885498,-0.13164294360339135,-0.011636497041227056,240.46199951171874,202.18380004882812,0.056042825581526894,0.34,2024-07-24,187.00559997558594,205.24099990844726,269.34849947864876,211.57549954478873,267.5442165106464,136.82338358700989,22.256353468569458,58.27067790977311,11.789291271286146,-0.02060764898795659,-0.031919700332288976,0
220.25,10.988834381103516,0.01953112906763447,-0.20286770749573174,234.66600036621094,203.15100006103515,0.051607207103598104,0.6795,2024-07-25,187.18169998168946,205.0395999145508,266.2588637452541,203.07313698716777,268.1117127845056,138.1902873375647,26.67417488415279,58.39233721905001,9.353206180411007,-0.13164294360339135,0.002933302220995548,1
219.8000030517578,11.0183744430542,-0.0020452089625195087,0.0026845821228793925,230.78600158691407,203.99600006103515,0.04993419579655305,0.957,2024-07-26,187.49830001831054,204.8402498626709,264.3013385984617,197.27066457536645,268.69611261974643,139.29588750232386,31.53787399150805,57.46703969647892,7.3021060685503585,0.01953112906763447,-0.04107613843938729,0
232.10000610351562,10.841135025024414,0.054450283723543685,-0.01621658550377426,226.90400390625,205.1582000732422,0.053599396689615574,0.94,2024-07-29,188.01190002441408,204.68264991760253,251.80723683611038,202.00077097638965,269.7458850842892,140.57051506219517,31.52484818908937,59.96228439339939,6.593100742092616,-0.0020452089625195087,0.05018271902171053,1
222.6199951171875,10.673742294311523,-0.04170207944562914,-0.015560963325137596,222.152001953125,206.11380004882812,0.053814139907153356,0.836,2024-07-30,188.4727000427246,204.4807999420166,234.24751826339715,210.05648564285283,270.2830807453324,141.94451935232382,29.113917259169753,57.955907648450264,5.206236994624163,0.054450283723543685,-0.02060764898795659,0
232.07000732421875,10.654048919677734,0.04157282172336867,-0.0018467341538652277,225.36800231933594,207.20600006103516,0.056093805584220086,0.88,2024-07-31,189.00690017700197,204.34680000305175,237.81729359246438,212.9187110462075,271.24350370768815,143.16849641438216,72.37060922617088,58.89095120670435,4.814179625007512,-0.04170207944562914,-0.13164294360339135,1
216.86000061035156,10.526042938232422,-0.06778709499652093,-0.012087533978939477,224.69000244140625,208.04420013427733,0.05910205437717432,0.9784999999999999,2024-08-01,189.42210021972656,204.17550003051758,238.7924341242821,210.5875707585304,271.452461985405,144.63593828314964,46.385159706279076,56.55232856728171,3.238815855398144,0.04157282172336867,0.01953112906763447,0
207.6699981689453,9.876165390014648,-0.043301714320780345,-0.06372814817496601,222.26400146484374,208.46559997558595,0.05921978198414349,0.36,2024-08-02,189.7211001586914,203.94425003051757,243.1259195713505,201.402083358337,271.5715049017179,145.359695049454,39.09761175279844,53.31967743395002,1.23454130148491,-0.06778709499652093,-0.0020452089625195087,0
198.8800048828125,9.561074256896973,-0.04324862022379944,-0.03242422728417825,215.62000122070313,208.84100006103515,0.05517723011643043,0.83,2024-08-05,189.9345002746582,203.66440002441405,241.399261096781,189.84074134462526,271.4800040177222,146.20199610434813,18.13125011344546,52.936024640523385,-1.0510241673008522,-0.043301714320780345,0.054450283723543685,0
200.63999938964844,9.630000114440918,0.008810602088580683,0.007183146975245795,211.2240020751953,209.37899993896485,0.05612339421223431,0.9495,2024-08-06,190.2461003112793,203.4542000579834,238.4883879591541,183.9596161912365,271.24478844947146,147.51321142845825,25.247757662986345,54.26929846569339,-2.6893334580571775,-0.04324862022379944,-0.04170207944562914,1
191.75999450683594,9.770000457763672,-0.04526769292244102,0.014433275214873396,203.16199951171876,209.62939971923828,0.041991272277256485,0.55,2024-08-07,190.53870025634765,203.31245002746581,222.205606489934,184.1183925335035,271.0973530535208,148.16144638495578,4.0155017871547045,51.96595529263697,-4.650637896360621,0.008810602088580683,0.04157282172336867,0
198.83999633789062,10.130000114440918,0.036255901329012616,0.036184816649120134,199.55799865722656,210.0711996459961,0.04368124962763049,0.94,2024-08-08,190.8914001464844,203.24669998168946,210.90521564119481,188.2107816732583,270.8886821672329,149.2537171247593,24.76189662062673,53.41939843303219,-5.569487234475957,-0.04526769292244102,-0.06778709499652093,1
200.0,10.100000381469727,0.00581690373893266,-0.0029658679413268265,198.0239990234375,210.54739959716798,0.04391498942272986,0.982,2024-08-09,191.1534001159668,203.1862999725342,205.1922894756876,190.85570857118742,270.6507398054276,150.44405938890839,36.140226460958836,53.67881070368195,-6.133377594888316,0.036255901329012616,-0.043301714320780345,1
197.49000549316406,9.859999656677246,-0.012629388585244743,-0.024049327821701414,197.74599914550782,210.92139984130858,0.03776383192931959,0.0385,2024-08-12,191.41510009765625,203.0911499786377,204.85587758372773,190.63612070728792,270.44811125410735,151.39468842850982,46.75081947332565,52.89008605991282,-6.705503477866273,0.00581690373893266,-0.04324862022379944,0
207.8300018310547,10.140000343322754,0.05103246867853809,0.02800189822650467,199.18399963378906,211.51639984130858,0.0419460029597313,0.494,2024-08-13,191.7368000793457,203.06819999694824,210.7392156479452,187.6287836196329,270.29325761593395,152.73954206668324,61.99533224649893,54.46495580744988,-6.252491245520247,-0.012629388585244743,0.008810602088580683,1
201.3800048828125,10.180000305175781,-0.03152675190710158,0.003937009079054587,201.10800170898438,212.01820007324218,0.03881784864516212,0.99,2024-08-14,192.02240005493164,203.04630004882813,209.15291837329764,193.0630850446711,269.99044148209884,154.04595866438555,67.46552781626951,53.71362791381524,-6.340843341456235,0.05103246867853809,-0.04526769292244102,0
214.13999938964844,10.460000038146973,0.061436309145650216,0.027133421183364037,204.16800231933593,212.80559997558595,0.040465126458381545,0.99,2024-08-15,192.45550003051758,203.08050003051758,217.6806549325171,190.65534970615477,269.77364579341867,155.83755415775323,73.02831053164638,55.63959267927821,-5.31991344637126,-0.03152675190710158,0.036255901329012616,1
216.1199951171875,10.510000228881836,0.00920378250292453,0.004768744382674104,207.39200134277343,213.62799987792968,0.037717327672284716,0.8385,2024-08-16,192.89039993286133,203.17430000305177,223.39508918964822,191.38891349589863,269.5459742349669,157.7100255208925,73.67803396382715,55.86088890365857,-4.301465425559456,0.061436309145650216,0.00581690373893266,1
222.72000122070312,10.720000267028809,0.0300815962441386,0.019783973885670394,212.43800048828126,214.52359985351563,0.034504693942360935,0.989,2024-08-19,193.34089996337892,203.2837000274658,228.7378882855822,196.13811269098034,269.53563534554075,159.51156436149049,83.08418908097886,56.316650659990216,-2.928020302129454,0.00920378250292453,-0.012629388585244743,1
221.10000610351562,10.680000305175781,-0.007300267158314731,-0.003738318445499735,215.09200134277344,215.39600006103515,0.03500741292662896,-0.273,2024-08-20,193.7536000061035,203.36090003967286,231.9521445562733,198.23185812927358,269.3842346117962,161.4077655102741,72.56036978063341,56.132952708864295,-1.9478219349769859,0.0300815962441386,0.05103246867853809,0
223.27000427246094,10.850000381469727,0.00976670507756732,0.015792253038408387,219.47000122070312,216.3856002807617,0.029257890003284805,0.973,2024-08-21,194.2284001159668,203.38470008850098,227.67310426308674,211.2668981783195,269.05895699636847,163.71224356515495,93.55353845574676,56.98672894631698,-0.9845575833037401,-0.007300267158314731,-0.03152675190710158,1
210.66000366210938,10.920000076293945,-0.05813634375381778,0.006430862158415849,218.7740020751953,217.18560028076172,0.03613352879175856,0.8160000000000001,2024-08-22,194.58280014038087,203.33820007324218,229.45463702516932,208.0933671252213,268.21369417526773,166.15750638625573,43.034434902439635,55.500852835315456,-1.2245692358578424,0.00976670507756732,0.061436309145650216,0
220.32000732421875,11.270000457763672,0.044835591431516886,0.031548391366194604,219.61400451660157,218.04620056152345,0.03818697899692005,0.965,2024-08-23,195.11970016479492,203.343450088501,229.9045011870067,209.32350784619643,267.76253582107097,168.32986530197593,56.429901616796066,55.86863614828391,-0.6280587656865748,-0.05813634375381778,0.00920378250292453,1
213.2100067138672,11.109999656677246,-0.032803441227522996,-0.014298795920178641,217.71200561523438,218.66100067138672,0.03998679858100963,0.0,2024-08-26,195.56800018310548,203.2986001586914,228.6285203956551,206.79549083481365,267.3309178354131,169.99108350736032,35.66476479980716,54.170511484936405,-0.7207294287349839,0.044835591431516886,0.0300815962441386,0
209.2100067138672,11.140000343322754,-0.018939062709292416,0.002696692568656169,215.3340057373047,219.28500091552735,0.03760480062364382,0.954,2024-08-27,195.94900024414062,203.234100189209,227.65071454543315,203.01729692917624,266.60904098974197,171.96096084131273,33.277076836902665,54.23821089779703,-1.104209527377094,-0.032803441227522996,-0.007300267158314731,0
205.75,11.039999961853027,-0.01667672472989858,-0.009017227924448602,211.8300048828125,219.6512008666992,0.03646849196422742,0.744,2024-08-28,196.3575003051758,203.21295021057128,222.74716106679662,200.91284869882836,266.24721157563295,173.05519015776548,26.221500057779608,52.528237041132286,-1.6680852453410466,-0.018939062709292416,0.00976670507756732,0
206.27999877929688,11.109999656677246,0.0025726237078790366,0.006320535355792501,210.95400390625,220.07960083007814,0.030014814758776792,0.983,2024-08-29,196.69050033569337,203.17110023498535,222.98650470547804,198.92150310702195,265.7547990523575,174.40440260779877,41.15508248124082,52.97450414124471,-2.0485795918892507,-0.01667672472989858,-0.05813634375381778,1
214.11000061035156,11.1899995803833,0.03725544123667223,0.007174912075174854,209.71200256347657,220.73040069580077,0.032561688577798654,0.296,2024-08-30,197.06280029296875,203.12310020446776,217.41307612351125,202.0109290034419,265.07387550411937,176.38692588748216,36.458777660288774,54.46242376621325,-1.6987265311019542,0.0025726237078790366,0.044835591431516886,1
210.60000610351562,10.979999542236328,-0.016529275820300126,-0.018945090433871735,209.19000244140625,221.28220092773438,0.030923425061551543,0.906,2024-09-03,197.45120040893553,202.9890502166748,216.00884622835648,202.37115865445602,264.37894327648866,178.1854585789801,43.24883506695158,53.762240125243004,-1.6852659850919736,0.03725544123667223,-0.032803441227522996,0
219.41000366210938,10.949999809265137,0.040981513663141275,-0.0027359555469024764,211.2300018310547,222.01880096435548,0.034221046994552015,0.93,2024-09-04,197.8993003845215,202.8719002532959,222.63774778817776,199.82225587393162,263.64963592600725,180.38796600270373,71.12675477658895,54.91001220255583,-0.9527228348533754,-0.016529275820300126,-0.018939062709292416,1
230.1699981689453,10.770000457763672,0.047876016035803666,-0.016574905171913734,216.11400146484374,222.87520080566406,0.03749028805437334,0.977,2024-09-05,198.49050033569335,202.85480026245116,234.5412217359251,197.68678119376239,263.340498898669,182.40990271265912,88.83589078313437,55.61883172631633,0.4904113641393053,0.040981513663141275,-0.01667672472989858,1
210.72999572753906,10.579999923706055,-0.08824048544582774,-0.017799114452881678,217.00400085449218,223.1624008178711,0.04365123152507361,0.9915,2024-09-06,198.98300033569336,202.73695022583007,233.37109776601153,200.63690394297282,263.059718174324,183.2650834614182,54.41906430724631,51.83415934757901,0.06471390233602392,0.047876016035803666,0.0025726237078790366,0
216.27000427246094,10.65999984741211,0.025949973905266994,0.007532985204631916,217.43600158691407,223.5394009399414,0.04186967757285365,0.2355,2024-09-09,199.57460037231445,202.6403002166748,233.53296563968965,201.3390375341385,262.7949504515411,184.28385142834168,52.24719493532635,52.38035175178369,0.17239077314107476,-0.08824048544582774,0.03725544123667223,1
226.1699981689453,10.319999694824219,0.044759273955983725,-0.032414673941517765,220.55,224.10520080566405,0.04267600056527551,0.4565,2024-09-10,200.2818003845215,202.56515022277833,236.04771541804575,205.05228458195427,262.66047415548024,185.54992745584784,64.29751417638263,53.48923176801672,1.0445315294954582,0.025949973905266994,-0.016529275820300126,1
228.1300048828125,10.449999809265137,0.008628742512625562,0.012518229676560126,222.29400024414062,224.4706008911133,0.04177397726289095,0.973,2024-09-11,201.0638005065918,202.53475021362306,239.06088371406366,205.52711677421757,262.82058316591525,186.1206186163113,59.1596639732984,52.31049444735162,1.8722830106001425,0.044759273955983725,0.040981513663141275,1
229.80999755859375,10.619999885559082,0.007337206636805016,0.016137044879132006,222.2220001220703,224.44160095214843,0.04083548272985869,0.98,2024-09-12,201.89140045166016,202.5065502166748,238.82204028845024,205.6219599556904,262.77281614464107,186.11038575965583,49.53270953995073,49.80700160882429,2.6334862020054857,0.008628742512625562,0.047876016035803666,1
230.2899932861328,10.6899995803833,0.0020864851607279924,0.0065696807459422555,226.13399963378907,224.11960083007813,0.040846996020526716,0.998,2024-09-13,202.7738003540039,202.4776001739502,237.62612656131756,214.64187270626059,261.9656827798482,186.27351888030807,100.0,47.7700822571308,3.2381494874742316,0.007337206636805016,-0.08824048544582774,1
226.77999877929688,10.800000190734863,-0.0153589759450266,0.010237466007055464,228.23599853515626,223.62480072021484,0.040477726726524395,0.485,2024-09-16,203.59480041503906,202.37790016174316,231.85482359577708,224.61717347453543,260.6466329532101,186.6029684872196,79.97719448663658,46.55796006908362,3.3949869785357976,0.0020864851607279924,0.025949973905266994,0
227.8699951171875,10.899999618530273,0.004794890315022082,0.009216602447065358,228.57599792480468,223.12340057373046,0.03972842806663381,0.988,2024-09-17,204.2522003173828,202.29655014038087,231.4714249888752,225.68057086073415,259.19149634768286,187.05530479977807,59.74770461596611,46.50884164092016,3.56612731924443,-0.0153589759450266,0.044759273955983725,1
227.1999969482422,10.979999542236328,-0.0029445960609886415,0.0073126401528283425,228.38999633789064,222.42080078125,0.03805518208832977,0.9804999999999999,2024-09-18,204.82240036010742,202.2321501159668,231.53721476464062,225.24277791114065,256.6956766934007,188.14592486909933,43.7415157383695,44.986157417233606,3.606124856815427,0.004794890315022082,0.008628742512625562,0
243.9199981689453,10.920000076293945,0.07100962175825201,-0.005479417087319271,231.21199645996094,222.0340005493164,0.0415920525915404,0.957,2024-09-19,205.57870040893556,202.25760009765625,245.67751109949646,216.74648182042543,254.8324462343562,189.2355548642766,81.39743975422945,47.35878773890465,4.930155790104465,-0.0029445960609886415,0.007337206636805016,1
238.25,10.880000114440918,-0.023519752638904136,-0.003669725357120758,232.8039978027344,221.97840057373048,0.028217332485783557,-0.16849999999999998,2024-09-20,206.02070037841796,202.27095008850097,248.46484632338323,217.14314928208555,254.6546068627353,189.30219428472566,64.38902756899142,49.60235738622629,5.459010305100463,0.07100962175825201,0.0020864851607279924,0
250.0,10.90999984741211,0.048140375327935025,0.002753533912658222,237.447998046875,222.01380065917968,0.03021418203313363,0.807,2024-09-23,206.687900390625,202.32735008239746,257.36890195163824,217.5270941421118,254.80970412616517,189.2178971921942,82.33984006746171,50.249922964891,6.748466004255704,-0.023519752638904136,-0.0153589759450266,1
254.27000427246094,10.869999885559082,0.016935793509053217,-0.003673095253946852,242.72799987792968,222.04640075683594,0.02834038081011085,0.985,2024-09-24,207.43070037841798,202.40185012817383,263.91035265177567,221.54564710408368,254.9695564517777,189.12324506189418,83.77687809407269,50.23024620980908,8.022444844368493,0.048140375327935025,0.004794890315022082,1
257.0199890136719,10.420000076293945,0.010757148762662457,-0.04227964695787809,248.69199829101564,222.0556005859375,0.028322647512301978,0.948,2024-09-25,208.20080032348633,202.47375007629395,263.9886568199558,233.39533976207548,255.0183538339696,189.0928473379054,86.22449036334538,50.065191540643966,9.14852454353499,0.016935793509053217,-0.0029445960609886415,1
254.22000122070312,10.680000305175781,-0.010953821465680538,0.024645818459463096,250.7519989013672,222.17000061035156,0.029227925256747774,0.991,2024-09-26,208.9311003112793,202.52565010070802,265.60314635883157,235.90085144390284,255.54448803774403,188.7955131829591,68.90604352792042,50.82292715725038,9.703163178559265,0.010757148762662457,0.07100962175825201,0
260.4599914550781,10.779999732971191,0.024249227064234113,0.00931967860352949,255.19399719238282,222.39460052490233,0.02939301542900073,0.8745,2024-09-27,209.68810028076172,202.62925003051757,262.92995088986225,247.45804349490336,256.6518492347598,188.13735181504487,89.93171121404359,51.59042594135463,10.524908758274165,-0.010953821465680538,-0.023519752638904136,1
261.6300048828125,10.5600004196167,0.004482044837533062,-0.020619222695544802,257.51999816894534,222.84320068359375,0.02795202818780281,0.9775,2024-09-30,210.5263003540039,202.75235008239747,264.3930007916343,250.6469955462564,258.5552375766614,187.13116379052613,83.7493269476011,53.258376297771946,11.142118944499458,0.024249227064234113,0.048140375327935025,1
258.0199890136719,10.75,-0.013894251852425751,0.017832436559127432,258.2699951171875,222.97340057373046,0.029252350014296782,0.97,2024-10-01,211.3593002319336,202.84600006103517,264.1106473459417,252.42934288843327,259.15638914845124,186.79041199900968,61.315590032884224,50.970221913085425,11.21073399036274,0.004482044837533062,0.016935793509053217,0
249.02000427246094,10.479999542236328,-0.03550382703625727,-0.025437119360516347,256.6699981689453,223.02620056152344,0.03275551561320508,0.748,2024-10-02,212.12980026245117,202.83585006713867,266.9322144331851,246.40778190470553,259.35600859502574,186.69639252802114,32.471543552089514,50.38896741252758,10.418787064143515,-0.013894251852425751,0.010757148762662457,0
240.66000366210938,10.449999809265137,-0.03414806745440706,-0.0028666750544756965,253.95799865722657,223.51960052490233,0.02708601570467521,0.7344999999999999,2024-10-03,212.85170028686522,202.7716500854492,271.81453289427077,236.10146442018237,260.12839165546967,186.91080939433502,26.109944986644535,53.887120725917015,9.012688573953483,-0.03550382703625727,-0.010953821465680538,0
250.0800018310547,10.569999694824219,0.03839570976808335,0.01141781085158519,251.8820007324219,224.11620056152344,0.02849402601625386,0.988,2024-10-04,213.6336003112793,202.76165008544922,268.31580513311525,235.4481963317285,261.4721409991785,186.76026012386836,33.55515619704329,54.62495025361842,8.559788601396207,-0.03414806745440706,0.024249227064234113,1
240.8300018310547,10.489999771118164,-0.03768957599969925,-0.007597370421109483,247.7220001220703,224.53680053710937,0.026885323533452875,0.977,2024-10-07,214.26640029907227,202.67970008850097,262.2363032913378,233.20769695280288,262.16694301243274,186.90665806178598,23.763870620556176,53.17395637871682,7.369513254220038,0.03839570976808335,0.004482044837533062,0
244.5,10.489999771118164,0.015124010919583781,0.0,245.01800231933595,224.78480041503906,0.026736223486862613,0.975,2024-10-08,214.97150024414063,202.66650009155273,253.87462049325057,236.16138414542132,262.7800637456269,186.78953708445124,32.972298174556016,51.92152651840239,6.64574167370759,-0.03768957599969925,-0.013894251852425751,1
241.0500030517578,10.619999885559082,-0.014210915403026646,0.012316604448656284,243.42400207519532,225.15340057373047,0.02637689963080158,0.989,2024-10-09,215.6336003112793,202.59925010681152,251.51501561748998,235.33298853290066,263.4195656963589,186.88723545110204,38.33088924574653,52.91033861523736,5.72773578799098,0.015124010919583781,-0.03550382703625727,0
238.77000427246094,10.680000305175781,-0.009503630132407154,0.0056338570687480384,243.04600219726564,225.2874005126953,0.026353148204948017,0.813,2024-10-10,216.24670028686523,202.53040016174316,251.9212536823412,234.17075071219008,263.69907201144946,186.87572901394114,46.63341659441345,51.08253055715298,4.761346820628177,-0.014210915403026646,-0.03414806745440706,0
217.8000030517578,10.720000267028809,-0.09192353886888906,0.0037383184454995756,236.59000244140626,225.30620056152344,0.03544307951076793,0.612,2024-10-11,216.6752003479004,202.33635025024415,257.9968645816613,215.1831403011512,263.70195350938053,186.91044761366638,9.262995005653693,50.14910262987375,2.2771234944544574,-0.009503630132407154,0.03839570976808335,0
219.16000366210938,10.920000076293945,0.006224848869363662,0.01848479675132452,232.2560028076172,225.53600067138672,0.03556935483548795,0.973,2024-10-14,217.00080032348632,202.12495025634766,257.75430167608164,206.75770393915278,263.6373309725208,187.43467037025263,15.852503802675415,51.86896252276049,0.41333462953781464,-0.09192353886888906,-0.03768957599969925,1
219.57000732421875,10.84000015258789,0.0018690482583788197,-0.007352967215510279,227.27000427246094,225.94980072021485,0.03610268417133407,0.976,2024-10-15,217.395400390625,201.95690032958984,250.44070457220062,204.09930397272126,263.31174111949247,188.5878603209372,6.217085340951115,53.459751511488406,-1.0189023329441227,0.006224848869363662,0.015124010919583781,1
221.3300018310547,11.029999732971191,0.007983687088569507,0.017375798968216314,223.3260040283203,226.36360076904296,0.03612972932488957,0.856,2024-10-16,217.8713003540039,201.82115036010742,240.7759589107243,205.8760491459163,263.0332776226949,189.693923915391,13.181474758041631,53.459751511488406,-1.9890154644522795,0.0018690482583788197,-0.014210915403026646,1
220.88999938964844,11.069999694824219,-0.0019899714413276278,0.0036199100966339427,219.7500030517578,226.94620086669923,0.03534091170301686,0.972,2024-10-17,218.28780029296874,201.68350036621095,222.57471286599838,216.92529323751722,262.2729304227226,191.61947131067586,14.153963246756746,55.01256328378737,-2.761508677176778,0.007983687088569507,-0.009503630132407154,0
220.6999969482422,11.100000381469727,-0.0008605378505268966,0.002706423532205922,220.3300018310547,227.38340087890626,0.031517567205572666,0.9644999999999999,2024-10-18,218.72730026245117,201.59475036621095,222.17309190430012,218.48691175780925,261.8202433313018,192.94655842651073,84.85566518725011,53.85293371090883,-3.350425107803261,-0.0019899714413276278,-0.09192353886888906,0
218.85000610351562,10.880000114440918,-0.008417707909120813,-0.020018890738666684,220.26800231933595,227.76040100097657,0.030251799552095476,0.647,2024-10-21,219.15390029907226,201.4993504333496,222.31721020508778,218.21879443358412,261.3765890045983,194.14421299735483,46.66668854309547,53.31434582990725,-3.9212230042232363,-0.0008605378505268966,0.006224848869363662,0
217.97000122070312,11.109999656677246,-0.004029147285192923,0.02091932080313683,219.9480010986328,228.17000091552734,0.02909896310313748,0.148,2024-10-22,219.54570037841796,201.4017504119873,222.8601929001594,217.0358092971062,260.76429821800724,195.57570361304744,34.37492549412298,53.621701872863724,-4.393942850996325,-0.008417707909120813,0.0018690482583788197,0
213.64999389648438,11.0600004196167,-0.020018310718538105,-0.00451053871518499,218.41199951171876,228.28640075683595,0.02921710294681868,0.588,2024-10-23,219.90140029907226,201.2677503967285,224.280502336781,212.5434966866565,260.6247816293002,195.94801988437172,0.0,51.05160324561421,-5.058849949391629,-0.004029147285192923,0.007983687088569507,0
260.4800109863281,11.239999771118164,0.19818699146920774,0.0161437900681771,226.3300018310547,229.46840087890624,0.07270120408894093,0.477,2024-10-24,220.7433004760742,201.39535041809083,264.859764713735,187.80023894837436,262.1115692863549,196.82523247145758,86.60994549789716,59.31882854836407,-1.7864099885526628,-0.020018310718538105,-0.0019899714413276278,1
269.19000244140625,11.069999694824219,0.032891334056112616,-0.01524010494966828,236.0280029296875,230.5694009399414,0.06365776674369301,0.0,2024-10-25,221.68750045776366,201.5716004180908,289.12761873422045,182.92838712515453,264.77829955168295,196.36050232819989,88.73621705458862,58.792526414572244,1.4926395553992506,0.19818699146920774,-0.0008605378505268966,1
262.510009765625,11.369999885559082,-0.02512824530239814,0.026739578544556518,244.76000366210937,231.49720123291016,0.06522912529676318,0.6285000000000001,2024-10-28,222.56260055541992,201.74805046081542,298.09426212449546,191.42574519972328,266.61092157142616,196.38348089439413,82.37911225641278,57.29976697149672,3.5118084199100963,0.032891334056112616,-0.008417707909120813,0
259.5199890136719,10.40999984741211,-0.01145548515134625,-0.08821142972822141,253.07000122070312,232.23320098876954,0.06573051967338023,0.718,2024-10-29,223.37840042114257,201.95120040893553,297.784828351994,208.35517408941223,268.12996478362663,196.33643719391245,79.87916747133903,55.85725944673748,4.815237545283736,-0.02512824530239814,-0.004029147285192923,0
257.54998779296875,10.470000267028809,-0.007619899978935549,0.005747182417570535,261.85,232.96220062255858,0.06614475256790901,0.0,2024-10-30,224.17910034179687,202.13940032958985,270.80026115849046,252.89973884150956,269.41232966854284,196.51207157657433,82.67339888386925,55.795094092229874,5.624417104021433,-0.01145548515134625,-0.020018310718538105,0
249.85000610351562,10.289999961853027,-0.03035306639591626,-0.017341504247859924,259.7239990234375,233.4938006591797,0.06755474598234106,0.191,2024-10-31,224.93970046997072,202.31090034484862,273.8530739280991,245.5949241187759,270.1417398672394,196.84586145112002,31.05167645478066,54.152866072574184,5.580050217788113,-0.007619899978935549,0.19818699146920774,0
